"First Name","Last Name","ID","Salutation","Job Title","Department","Account Name","Account Description","Website","Email Address","Non Primary E-mails","Mobile","Office Phone","Home Phone","Other Phone","Fax","Primary Address Street","Primary Address City","Primary Address State","Primary Address Postalcode","Primary Address Country","Alt Address Street","Alt Address City","Alt Address State","Alt Address Postalcode","Alt Address Country","Status","Status Description","Lead Source","Lead Source Description","Description","Converted","Opportunity Name","Opportunity Amount","Referred By","Campaign ID","Do Not Call","Portal Name","Portal Application","Reports To ID","Assistant","Assistant Phone","Birthdate","Contact ID","Account ID","Opportunity ID","Assigned to","Assigned User","Date Created","Date Modified","Created By","Modified By","Deleted","Photo","Lawful Basis","Lawful Basis Date Reviewed","Lawful Basis Source","Longitude","Latitude","Geocode Status","Address"
"Tyrell","Kenna","00891a8b-7252-43b7-bac3-5f41d231e04c","","Director Sales","","Nelson Inc","","www.vegandev.tw","phone.support@example.com","","(866) 562-8027","(832) 398-9437","(051) 454-1570","","","12 Long Ave","Sacramento","CA","27652","USA","","","","","","Converted","","Direct Mail","","Prospective client looking to learn more about product offerings","1","","","","","0","","","","","","","","2f2342df-a2b3-4bdb-a9dd-7ab5e5be7948","","sarah","seed_sarah_id","2024-03-22 11:45","2026-10-05 18:00","1","1","0","","","","","","","",""
"Rebecca","Astorga","017c3777-ee37-4c0b-87a1-f4c7e786ee09","","Mgr Operations","","Income Free Investing LP","","www.infodev.tw","im.dev@example.it","","(382) 173-3934","(558) 483-3786","(254) 128-4620","","","32 University Ave.","Salt Lake City","CA","83291","USA","","","","","","Converted","","Self Generated","","We would like to get some support to help with setting up your product, we are having some issues at the moment.","1","","","","","0","","","","","","","","1c592fe4-6556-4eae-9609-b9f84acb77ae","","max","seed_max_id","2023-07-30 09:45","2026-10-05 18:00","1","1","0","","","","","","","",""
"Britt","Laflamme","018df2d8-a4aa-4388-98d0-c0b7bfc29f0d","","IT Developer","","Rhyme & Reason Inc","","www.qathe.org","info40@example.tv","","(499) 165-9174","(981) 829-8007","(004) 386-7041","","","65478 Canyon Road","Hartford","","72652","USA","","","","","","Dead","","Conference","","Please send us a quote for your products and services","0","","","","","0","","","","","","","","","","chris","seed_chris_id","2023-07-20 14:45","2026-10-05 18:00","1","1","0","","","","","","","",""
"Margarito","Huitt","01f811b7-d227-48e2-bdf4-a8d1662278be","","Director Operations","","B.H. Edwards Inc","","www.veganphone.edu","im92@example.name","","(464) 326-0509","(104) 414-3674","(850) 302-5260","","","5 Main Street","Atlanta","","62362","USA","","","","","","Recycled","","Existing Customer","","Hi, I would like to understand what support offerings you offer","0","","","","","0","","","","","","","","","","chris","seed_chris_id","2022-09-12 09:45","2026-10-05 18:00","1","1","0","","","","","","","",""
"Carroll","Bellows","030e39f8-0529-447d-b4e2-b162f1cc2c5a","","President","","Nelson Inc","","www.imthe.cn","support72@example.co.jp","","(055) 754-6462","(524) 902-5740","(253) 556-4512","","","23 Greenwood Ln","Santa Fe","","56389","USA","","","","","","New","","Conference","","Please let me know what shipping offers are available for your products","0","","","","","0","","","","","","","","","","max","seed_max_id","2021-11-06 12:15","2026-10-05 18:00","1","1","0","","","","","","","",""
"Michal","Blakeney","04778a8c-f4dd-4827-b643-e5a44e9b41c7","","IT Developer","","JJ Resources Inc","","www.thebeans.info","vegan.hr@example.tw","","(046) 860-1187","(976) 071-3480","(253) 837-4206","","","111 Silicon Valley Road","Atlanta","","16884","USA","","","","","","Recycled","","Other","","We would be interested to get a demo of your product to see if it is suitable for our business.","0","","","","","0","","","","","","","","","","sally","seed_sally_id","2023-11-26 19:15","2026-10-05 18:00","1","1","0","","","","","","","",""
"Dane","Bohner","052a19eb-6535-43da-a915-8dfb4a7a4c49","","IT Developer","","Gifted Holdings AG","","www.sectiondev.com","support.dev@example.net","","(261) 439-7728","(260) 204-7215","(059) 328-9832","","","999 Baker Way","Kansas City","CA","11024","USA","","","","","","Converted","","Partner","","Prospective client looking to learn more about product offerings","1","","","","","0","","","","","","","","031315e2-c7ec-4014-be65-b97462ec4386","","sarah","seed_sarah_id","2024-09-15 11:15","2026-10-05 18:00","1","1","0","","","","","","","",""
"Orlando","Colon","05955017-b2ea-467c-9997-ce80ce549f2b","","VP Operations","","Gifted Holdings AG","","www.devthe.org","kid.section@example.biz","","(818) 460-3446","(786) 971-8348","(755) 239-2042","","","78 Suite Street.","Atlanta","","60764","USA","","","","","","Assigned","","Conference","","I am interested in using your products and services for our small business. Please contact me to discuss our options.","0","","","","","0","","","","","","","","","","max","seed_max_id","2023-01-26 19:15","2026-10-05 18:00","1","1","0","","","","","","","",""
"Jennie","Madison","06ec310e-bad3-4781-9400-2b2470201b56","","IT Developer","","P Piper & Sons","","www.infokid.info","beans.hr@example.cn","","(315) 737-5167","(185) 289-4130","(465) 278-4228","","","65478 Canyon Road","Atlanta","","32196","USA","","","","","","Dead","","Word of mouth","","","0","","","","","0","","","","","","","","","","sally","seed_sally_id","2026-09-28 14:30","2026-10-05 18:00","1","1","0","","","","","","","",""
"Isaac","Belz","09be79d0-c242-40c7-b124-8a90ec3b6b85","","Director Operations","","Powell Funding","","www.veganinfo.tw","dev.sales.kid@example.net","","(726) 173-0573","(302) 598-8191","(912) 541-8262","","","67321 West Siam St.","Santa Monica","","14142","USA","","","","","","In Process","","Web Site","","I was wondering if it may be possible to arrange an initial call to discuss our future plans and how your products may support us in that venture","0","","","","","0","","","","","","","","","","max","seed_max_id","2026-05-12 09:00","2026-10-05 18:00","1","1","0","","","","","","","",""
"Emilia","Fred","0a20678a-3a8e-4e0e-be2e-e4d8d773a707","","VP Sales","","Sandeon Consolidation Corp","","www.salesdev.co.jp","beans.sugar@example.cn","","(538) 709-5505","(940) 317-6318","(080) 908-8683","","","74 South Cemetery Ave","St. Petersburg","","62929","USA","","","","","","New","","Conference","","I was wondering if it may be possible to arrange an initial call to discuss our future plans and how your products may support us in that venture","0","","","","","0","","","","","","","","","","sarah","seed_sarah_id","2022-06-27 06:30","2026-10-05 18:00","1","1","0","","","","","","","",""
"Cortney","Mikel","0cbd551f-f9ad-4614-a18a-b8ccdb241b77","","IT Developer","","5D Investments","","www.devsugar.us","sugar30@example.net","","(664) 606-0036","(404) 043-0225","(759) 770-4278","","","1715 Scott Dr","Los Angeles","NY","16206","USA","","","","","","Converted","","Word of mouth","","Would you be able to offer training on location or what remote offerings do you offer","1","","","","","0","","","","","","","","3b72d8f7-06dd-44a1-baa6-6b5ed7bb3c05","","chris","seed_chris_id","2024-01-25 12:00","2026-10-05 18:00","1","1","0","","","","","","","",""
"Leanne","Cutright","0dff87d5-73c8-49d2-bc10-a4cc7508e200","","President","","MMM Mortuary Corp","","www.kidthe.com","sales.vegan@example.name","","(113) 880-8470","(662) 548-9434","(437) 830-9389","","","65478 Canyon Road","Salt Lake City","","29121","USA","","","","","","New","","Public Relations","","Prospective client looking to learn more about product offerings","0","","","","","0","","","","","","","","","","chris","seed_chris_id","2023-06-07 12:00","2026-10-05 18:00","1","1","0","","","","","","","",""
"Laverne","Sapienza","0e5d600e-f3db-4cf4-89a7-cc7ccf81886d","","Mgr Operations","","Jungle Systems Inc","","www.phonesupport.info","hr.kid.qa@example.de","","(713) 948-4908","(253) 901-8275","(407) 114-9096","","","65478 Canyon Road","Salt Lake City","","59506","USA","","","","","","New","","Trade Show","","Please let me know what shipping offers are available for your products","0","","","","","0","","","","","","","","","","sarah","seed_sarah_id","2023-05-12 16:30","2026-10-05 18:00","1","1","0","","","","","","","",""
"Randy","Deforge","0e9df4c8-d85f-4b6a-a6d7-d411affe6e86","","Director Sales","","B.H. Edwards Inc","","www.devqa.edu","support.phone@example.info","","(748) 104-4900","(265) 272-8785","(360) 113-0263","","","65478 Canyon Road","Phoenix","","77842","USA","","","","","","New","","Email","","Would you be able to offer training on location or what remote offerings do you offer","0","","","","","0","","","","","","","","","","chris","seed_chris_id","2025-08-29 13:15","2026-10-05 18:00","1","1","0","","","","","","","",""
"Elba","Tuten","0f83843c-23bc-47ee-b4fd-849dd137eef4","","VP Operations","","Bay Funding Co","","www.imthe.tw","support.sales@example.co.uk","","(120) 773-1417","(396) 743-7824","(107) 303-7705","","","23 Greenwood Ln","Santa Fe","","29873","USA","","","","","","Dead","","Employee","","Hi, I would like to understand what support offerings you offer","0","","","","","0","","","","","","","","","","sally","seed_sally_id","2025-02-13 10:45","2026-10-05 18:00","1","1","0","","","","","","","",""
"Paris","Urich","110218fe-4322-4bb3-a9ff-79fa62e1b668","","Director Sales","","OTC Holdings","","www.sugarkid.info","kid.dev.qa@example.cn","","(745) 157-2994","(799) 209-3494","(472) 626-4620","","","32 University Ave.","Atlanta","","41817","USA","","","","","","In Process","","Partner","","Please arrange an introduction with 1 of your sales agents as soon as possible","0","","","","","0","","","","","","","","","","sally","seed_sally_id","2024-04-12 07:30","2026-10-05 18:00","1","1","0","","","","","","","",""
"Lee","Clausen","11cb86e4-d11e-450a-a7bf-c72935505a23","","Mgr Operations","","Sunyvale Reporting Ltd","","www.phonebeans.tw","qa10@example.tv","","(122) 971-1322","(577) 812-2380","(801) 702-6271","","","4275 Elm Dr","Dover","","48970","USA","","","","","","Assigned","","Trade Show","","What support services do you offer and how soon can we get started?","0","","","","","0","","","","","","","","","","sally","seed_sally_id","2026-08-28 17:15","2026-10-05 18:00","1","1","0","","","","","","","",""
"Sidney","Agnew","12bb9a47-dbd0-4eda-9cf0-6cc04a8a0955","","IT Developer","","Arts & Crafts Inc","","www.qavegan.us","kid.beans@example.edu","","(373) 214-9079","(048) 793-5266","(610) 109-9669","","","555 Maple Street.","Denver","","82351","USA","","","","","","New","","Existing Customer","","Hi, I would like to understand what support offerings you offer","0","","","","","0","","","","","","","","","","sally","seed_sally_id","2024-03-14 19:45","2026-10-05 18:00","1","1","0","","","","","","","",""
"Dolores","Mcclelland","1398a6e3-bb27-451b-aac6-64c078d1df75","","President","","Powell Funding","","www.kidthe.us","info.kid.sugar@example.co.jp","","(161) 328-7768","(371) 932-3276","(118) 688-8254","","","1715 Scott Dr","Kansas City","","74575","USA","","","","","","In Process","","Email","","Please let me know more about what services you offer","0","","","","","0","","","","","","","","","","chris","seed_chris_id","2025-10-17 15:45","2026-10-05 18:00","1","1","0","","","","","","","",""
"Candace","Waldo","139954d5-330a-4530-baf0-9e007084ee6c","","Director Operations","","XY&Z Funding Inc","","www.kidkid.edu","support.the.phone@example.tv","","(602) 846-4783","(978) 275-0182","(286) 292-7879","","","1715 Scott Dr","Sacramento","","64703","USA","","","","","","New","","Campaign","","Are there any options other than most available on your website?","0","","","","","0","","","","","","","","","","sarah","seed_sarah_id","2024-04-23 10:45","2026-10-05 18:00","1","1","0","","","","","","","",""
"Randy","Bortz","185ba004-950f-487d-a032-bf3eb62c3f00","","President","","Q.R.&E. Corp","","www.infosection.co.uk","sugar.section.section@example.net","","(705) 980-9286","(568) 516-8921","(041) 579-5515","","","789 River Way","San Jose","","47162","USA","","","","","","Assigned","","Cold Call","","We would like to know if you have a local agents in our area.","0","","","","","0","","","","","","","","","","max","seed_max_id","2021-10-18 13:30","2026-10-05 18:00","1","1","0","","","","","","","",""
"Theron","Gose","194ef1b0-f6fe-4dde-a206-74b1af52ef1d","","IT Developer","","P Piper & Sons","","www.saleshr.net","hr28@example.name","","(679) 461-8049","(828) 436-3198","(534) 770-5315","","","32 University Ave.","Dover","","91892","USA","","","","","","Recycled","","Trade Show","","We would like to know if you have a local agents in our area.","0","","","","","0","","","","","","","","","","sally","seed_sally_id","2026-03-18 16:15","2026-10-05 18:00","1","1","0","","","","","","","",""
"Williams","Hixson","1bcfff9c-ea86-42fd-b719-62e84e651e5d","","President","","Powell Funding","","www.infoinfo.com","vegan49@example.net","","(372) 154-6160","(350) 136-2104","(090) 681-2640","","","78 Suite Street.","Austin","CA","98119","USA","","","","","","Converted","","Web Site","","Please arrange an introduction with 1 of your sales agents as soon as possible","1","","","","","0","","","","","","","","39f4ee0c-dd4a-4435-affe-66d622b106b9","","max","seed_max_id","2022-01-02 06:45","2026-10-05 18:00","1","1","0","","","","","","","",""
"Laura","Glisson","1cab9861-75db-41da-92f0-803b0ffd4018","","VP Operations","","Spindle Broadcast Corp.","","www.infothe.cn","the22@example.de","","(239) 367-7016","(752) 943-5719","(832) 480-7515","","","1715 Scott Dr","Salt Lake City","","79776","USA","","","","","","New","","Existing Customer","","I am using an alternative product and would like to know how easy it would be to migrate to to your product","0","","","","","0","","","","","","","","","","sally","seed_sally_id","2024-08-23 19:15","2026-10-05 18:00","1","1","0","","","","","","","",""
"Angelica","Chick","1e1acce0-01cf-47e2-ab9e-0838794993c1","","Director Sales","","Complete Holding","","www.sectiondev.us","sugar28@example.tw","","(345) 460-5245","(366) 420-2119","(889) 770-7858","","","4275 Elm Dr","Los Angeles","","91069","USA","","","","","","Assigned","","Employee","","We would be interested to get a demo of your product to see if it is suitable for our business.","0","","","","","0","","","","","","","","","","max","seed_max_id","2022-08-11 14:15","2026-10-05 18:00","1","1","0","","","","","","","",""
"Junior","Ver","1e7c2987-8605-461d-a37a-db09442407f0","","President","","Sandeon Consolidation Corp","","www.kidbeans.net","dev27@example.de","","(719) 793-7626","(460) 072-3232","(192) 440-6149","","","74 South Cemetery Ave","Dover","NY","63046","USA","","","","","","Converted","","Other","","Hi, I would like to understand what support offerings you offer","1","","","","","0","","","","","","","","c8ab83f7-74c1-4974-8201-37e493132248","","will","seed_will_id","2025-04-29 19:45","2026-10-05 18:00","1","1","0","","","","","","","",""
"Addie","Lingle","20980f1e-b747-486b-be44-eb82dfe7976e","","VP Operations","","Income Free Investing LP","","www.salesbeans.us","qa95@example.it","","(670) 544-0375","(501) 755-7592","(579) 834-1319","","","48920 San Carlos Ave","Kansas City","","78289","USA","","","","","","New","","","","Prospective client looking to learn more about service offerings","0","","","","","0","","","","","","","","","","sarah","seed_sarah_id","2022-07-11 08:30","2026-10-05 18:00","1","1","0","","","","","","","",""
"Marlon","Fackler","22a9e870-8df9-439a-8e89-488ab1b1ae57","","VP Sales","","Hollywood Diner Ltd","","www.salesvegan.info","im81@example.it","","(570) 194-1162","(724) 736-8896","(308) 694-6169","","","74 South Cemetery Ave","Salt Lake City","","68754","USA","","","","","","Dead","","Employee","","We would be interested to get a demo of your product to see if it is suitable for our business.","0","","","","","0","","","","","","","","","","chris","seed_chris_id","2021-12-28 16:45","2026-10-05 18:00","1","1","0","","","","","","","",""
"Thanh","Galgano","243a2ad6-7f79-4d0a-ac75-7d85765ed0d5","","Mgr Operations","","Bay Funding Co","","www.kidsupport.co.uk","hr.phone.section@example.name","","(509) 029-0249","(477) 309-5843","(582) 422-2684","","","9 IBM Path","Santa Fe","","92598","USA","","","","","","New","","Direct Mail","","Are there any options other than most available on your website?","0","","","","","0","","","","","","","","","","sarah","seed_sarah_id","2024-02-03 18:15","2026-10-05 18:00","1","1","0","","","","","","","",""
"Reyes","Steinman","27096a25-f605-4e6e-9113-56afa3905e9a","","Mgr Operations","","A.D. Importing Company Inc","","www.imhr.net","hr.kid@example.cn","","(683) 213-7032","(999) 432-1049","(677) 602-1664","","","111 Silicon Valley Road","Austin","","24379","USA","","","","","","Recycled","","","","Please let me know more about what services you offer","0","","","","","0","","","","","","","","","","sally","seed_sally_id","2021-11-14 11:45","2026-10-05 18:00","1","1","0","","","","","","","",""
"Stacey","Ramon","274b5822-f5b8-4126-929d-c1b2ec56d47e","","President","","Hollywood Diner Ltd","","www.infothe.cn","the.kid@example.it","","(731) 916-7514","(409) 247-5290","(932) 570-0130","","","74 South Cemetery Ave","Santa Fe","","42171","USA","","","","","","Recycled","","Cold Call","","I would like to request the prices of your products","0","","","","","0","","","","","","","","","","will","seed_will_id","2023-10-19 06:45","2026-10-05 18:00","1","1","0","","","","","","","",""
"Stanford","Hildebrant","286de062-6c24-4bcf-ad14-31afbb36ac6f","","Director Sales","","Nelson Inc","","www.salesthe.tw","beans.im@example.name","","(143) 779-0129","(320) 752-3314","(387) 603-3333","","","5 Main Street","Sunnyvale","","24819","USA","","","","","","Assigned","","Web Site","","Please send us a quote for your products and services","0","","","","","0","","","","","","","","","","sarah","seed_sarah_id","2022-05-26 13:30","2026-10-05 18:00","1","1","0","","","","","","","",""
"Marta","Balmer","289b725d-3167-46df-b5b5-d509e59102f5","","President","","Hammer Group Inc","","www.sugarhr.co.jp","dev.vegan.hr@example.tv","","(378) 763-4922","(705) 894-7036","(063) 786-3852","","","111 Silicon Valley Road","San Jose","","82551","USA","","","","","","In Process","","Partner","","We would like to get some support to help with setting up your product, we are having some issues at the moment.","0","","","","","0","","","","","","","","","","max","seed_max_id","2022-05-07 11:30","2026-10-05 18:00","1","1","0","","","","","","","",""
"Shelton","Gillian","28b985c2-fa24-4db6-a66c-027bb1d248d0","","VP Sales","","Chandler Logistics Inc","","www.sectionsupport.info","sales49@example.us","","(056) 887-9983","(365) 477-1384","(227) 323-9738","","","67321 West Siam St.","Santa Monica","","98976","USA","","","","","","New","","Word of mouth","","Very interested in your product, can we arrange a discussion and demo","0","","","","","0","","","","","","","","","","chris","seed_chris_id","2022-02-03 12:00","2026-10-05 18:00","1","1","0","","","","","","","",""
"Gayle","Poplin","29d18c73-449d-4609-9433-3aba8da1b8c9","","Director Sales","","JAB Funds Ltd.","","www.supportsupport.name","beans.the@example.de","","(954) 461-5791","(216) 284-1644","(473) 854-2047","","","74 South Cemetery Ave","Atlanta","","60611","USA","","","","","","New","","Existing Customer","","We would like to know if you have a local agents in our area.","0","","","","","0","","","","","","","","","","will","seed_will_id","2025-10-28 08:15","2026-10-05 18:00","1","1","0","","","","","","","",""
"Richard","Senter","29f102fd-ab02-434a-9a66-0f885c0b7bbf","","Senior Product Manager","","JAB Funds Ltd.","","www.thekid.biz","sales76@example.tv","","(002) 820-0866","(136) 102-9504","(589) 838-2422","","","65478 Canyon Road","St. Petersburg","","54158","USA","","","","","","Dead","","Conference","","Please let me know what shipping offers are available for your products","0","","","","","0","","","","","","","","","","will","seed_will_id","2022-12-25 13:15","2026-10-05 18:00","1","1","0","","","","","","","",""
"Katharine","Lundquist","2df6d131-839f-4f6b-b8d6-e2524b9928d3","","Senior Product Manager","","Air Safety Inc","","www.vegansupport.net","info.kid.vegan@example.com","","(487) 015-3429","(124) 072-7653","(617) 914-6331","","","111 Vista Road","Atlanta","","55115","USA","","","","","","Dead","","Direct Mail","","We would like to get some support to help with setting up your product, we are having some issues at the moment.","0","","","","","0","","","","","","","","","","will","seed_will_id","2024-12-30 07:30","2026-10-05 18:00","1","1","0","","","","","","","",""
"Jolene","Flanery","2e366a91-db6c-48e6-8220-ecc7cd12d3ad","","VP Sales","","DD Furniture Inc","","www.qakid.tv","section55@example.net","","(646) 126-9889","(362) 822-4832","(183) 700-8924","","","111 Silicon Valley Road","Los Angeles","","86313","USA","","","","","","Recycled","","Direct Mail","","I am using an alternative product and would like to know how easy it would be to migrate to to your product","0","","","","","0","","","","","","","","","","max","seed_max_id","2023-10-16 07:45","2026-10-05 18:00","1","1","0","","","","","","","",""
"Olive","Cavazos","2e3b0f01-828b-4967-8ca1-76dd8bfede2b","","Director Sales","","Airline Maintenance Co","","www.phonesection.net","qa35@example.co.uk","","(425) 519-9291","(809) 694-9940","(302) 634-4490","","","74 South Cemetery Ave","Austin","NY","54229","USA","","","","","","Converted","","Self Generated","","I am interested in using your products and services for our small business. Please contact me to discuss our options.","1","","","","","0","","","","","","","","bfb07c7c-4814-4348-b6de-365b69e6da9b","","will","seed_will_id","2022-09-21 19:00","2026-10-05 18:00","1","1","0","","","","","","","",""
"Nellie","Borger","2e43f817-7ec8-4a25-a51c-f9af3d16c067","","Mgr Operations","","Tri-State Medical Corp","","www.thesection.co.uk","the.qa.dev@example.info","","(254) 311-9166","(751) 686-7444","(817) 903-1123","","","111 Vista Road","St. Petersburg","","86163","USA","","","","","","In Process","","Campaign","","We would like to get some support to help with setting up your product, we are having some issues at the moment.","0","","","","","0","","","","","","","","","","will","seed_will_id","2024-12-18 14:30","2026-10-05 18:00","1","1","0","","","","","","","",""
"Jeremiah","Bourne","3054a709-cbd5-47a6-9bce-eff299ff785b","","Director Operations","","Trait Institute Inc","","www.salesphone.info","section.phone.qa@example.name","","(076) 301-0376","(814) 083-1179","(158) 143-6410","","","5 Main Street","Sacramento","","95039","USA","","","","","","In Process","","Campaign","","I would like to request the prices of your products","0","","","","","0","","","","","","","","","","sally","seed_sally_id","2025-08-17 14:45","2026-10-05 18:00","1","1","0","","","","","","","",""
"Roscoe","Koopman","3265c689-ae10-4832-896e-7cc09f99f9b4","","Director Sales","","A.G. Parr PLC","","www.salesbeans.de","dev.im@example.co.jp","","(719) 839-2414","(855) 861-9888","(343) 216-5462","","","74 South Cemetery Ave","Santa Fe","","66641","USA","","","","","","Dead","","","","I am using an alternative product and would like to know how easy it would be to migrate to to your product","0","","","","","0","","","","","","","","","","sally","seed_sally_id","2024-08-29 17:00","2026-10-05 18:00","1","1","0","","","","","","","",""
"Rory","Spotts","32f6ea31-166d-4056-ae1a-1210031b2748","","VP Operations","","JJ Resources Inc","","www.phoneqa.net","the.support.info@example.co.jp","","(460) 861-3486","(997) 551-8479","(101) 198-4367","","","74 South Cemetery Ave","Alabama","CA","50560","USA","","","","","","Converted","","Other","","We would like to get some support to help with setting up your product, we are having some issues at the moment.","1","","","","","0","","","","","","","","89d7b042-dfad-4b42-a50b-1ac2ce66a759","","max","seed_max_id","2023-06-21 11:45","2026-10-05 18:00","1","1","0","","","","","","","",""
"Mack","Bendel","34718293-71b8-4ba8-9a59-1f892af3a886","","Director Sales","","EEE Endowments LTD","","www.beanssales.edu","kid.sugar@example.info","","(173) 578-9873","(495) 626-5416","(378) 404-1205","","","1715 Scott Dr","Hartford","","79744","USA","","","","","","Dead","","Email","","Prospective client looking to learn more about service offerings","0","","","","","0","","","","","","","","","","max","seed_max_id","2026-06-14 07:30","2026-10-05 18:00","1","1","0","","","","","","","",""
"Jeffry","Dayton","36bbcfb0-bd15-4654-b891-bd811aac8163","","Senior Product Manager","","AtoZ Co Ltd","","www.vegansection.it","sugar.beans.kid@example.it","","(328) 629-5184","(470) 189-3012","(824) 864-2003","","","10 Southwold Path","St. Petersburg","","51864","USA","","","","","","New","","Campaign","","I saw on your website that you offered products we are very interested in, please get me a call to discuss our options.","0","","","","","0","","","","","","","","","","max","seed_max_id","2025-03-27 08:00","2026-10-05 18:00","1","1","0","","","","","","","",""
"June","Mcginnis","37955e8f-5e38-4a6e-aee5-dc98df567c7d","","President","","NW Capital Corp","","www.veganqa.tv","section57@example.tw","","(482) 268-7439","(137) 446-2662","(764) 347-4912","","","5 Main Street","San Jose","","61237","USA","","","","","","Recycled","","Partner","","We would be interested to get a demo of your product to see if it is suitable for our business.","0","","","","","0","","","","","","","","","","sally","seed_sally_id","2025-02-09 08:15","2026-10-05 18:00","1","1","0","","","","","","","",""
"Celina","Milligan","379e82df-bb66-4e1d-b5a4-6bab9217f77f","","VP Operations","","Mississippi Bank Group","","www.phoneqa.tw","qa.dev@example.org","","(331) 360-6518","(208) 177-9194","(876) 368-0222","","","9 IBM Path","Ohio","","61053","USA","","","","","","Assigned","","","","I would like to request the prices of your products","0","","","","","0","","","","","","","","","","will","seed_will_id","2025-02-14 11:00","2026-10-05 18:00","1","1","0","","","","","","","",""
"Lee","Crook","381b466d-8b9c-49f0-9722-6c7c9f7e8385","","Mgr Operations","","Avery Software Co","","www.infovegan.name","kid46@example.tw","","(326) 097-7387","(621) 052-0969","(023) 026-3016","","","10 Southwold Path","Alabama","","38288","USA","","","","","","Recycled","","Word of mouth","","Please let me know what shipping offers are available for your products","0","","","","","0","","","","","","","","","","max","seed_max_id","2026-06-13 15:45","2026-10-05 18:00","1","1","0","","","","","","","",""
"Naomi","Glassman","3fa1c335-b271-4749-a55b-0a1157970cc6","","VP Sales","","Green Tractor Group Limited","","www.thephone.net","phone.info@example.cn","","(629) 064-6510","(921) 494-6152","(720) 710-3234","","","111 Silicon Valley Road","Ohio","","46091","USA","","","","","","New","","Trade Show","","Please send us a quote for your products and services","0","","","","","0","","","","","","","","","","chris","seed_chris_id","2024-06-13 12:45","2026-10-05 18:00","1","1","0","","","","","","","",""
"Debra","Spadaro","3fdbe58e-5e98-4cf7-be0d-22e39e7e6d4b","","Mgr Operations","","Insight Marketing Inc","","www.vegansugar.tw","phone.phone@example.it","","(630) 818-4218","(464) 290-5182","(820) 985-6613","","","555 Maple Street.","San Francisco","","30988","USA","","","","","","Dead","","Direct Mail","","We would be interested to get a demo of your product to see if it is suitable for our business.","0","","","","","0","","","","","","","","","","sally","seed_sally_id","2024-09-24 16:15","2026-10-05 18:00","1","1","0","","","","","","","",""
"Beverly","Tracy","4071b797-3d83-47c2-b427-f4a233f20396","","Director Operations","","Airline Maintenance Co","","www.imhr.net","beans.beans@example.net","","(961) 995-8432","(456) 496-0543","(912) 623-3759","","","9 IBM Path","Hartford","","41205","USA","","","","","","Dead","","Employee","","Interested to learn more about your products","0","","","","","0","","","","","","","","","","max","seed_max_id","2024-02-29 06:45","2026-10-05 18:00","1","1","0","","","","","","","",""
"Kate","Driver","4123ff1f-59ea-4cd1-9d59-36bf64d06dc3","","VP Operations","","JAB Funds Ltd.","","www.devkid.name","phone.the.beans@example.co.uk","","(047) 909-6296","(166) 266-6277","(861) 555-8338","","","555 Maple Street.","Denver","NY","98200","USA","","","","","","Converted","","Self Generated","","We would like to get some support to help with setting up your product, we are having some issues at the moment.","1","","","","","0","","","","","","","","7a997247-4ef6-43af-a092-23bf3c97cc6d","","chris","seed_chris_id","2025-12-13 09:15","2026-10-05 18:00","1","1","0","","","","","","","",""
"Melissa","Bucy","4262f864-afca-4e3f-be34-8aec69f86479","","Senior Product Manager","","Smith & Sons","","www.devphone.it","qa.section.section@example.co.uk","","(807) 271-2192","(958) 982-2134","(832) 000-9384","","","10 Southwold Path","San Mateo","","33078","USA","","","","","","Recycled","","Self Generated","","Prospective client looking to learn more about product offerings","0","","","","","0","","","","","","","","","","chris","seed_chris_id","2023-06-16 06:30","2026-10-05 18:00","1","1","0","","","","","","","",""
"Horacio","Ackles","441c84c7-1577-4e08-8c56-51c8bdb00924","","Mgr Operations","","Insight Marketing Inc","","www.qadev.cn","support.section@example.com","","(985) 912-7154","(420) 193-2096","(866) 005-0560","","","5 Main Street","Phoenix","","86030","USA","","","","","","In Process","","Self Generated","","Please send us a quote for your products and services","0","","","","","0","","","","","","","","","","chris","seed_chris_id","2022-06-16 17:30","2026-10-05 18:00","1","1","0","","","","","","","",""
"Nadia","Harney","44d23c89-4f2c-46e9-8e48-61f669457700","","Mgr Operations","","Insight Marketing Inc","","www.beanskid.de","phone56@example.edu","","(929) 629-6934","(778) 611-9549","(202) 529-5214","","","25 King Street","Santa Monica","","60193","USA","","","","","","Assigned","","Cold Call","","Would you be able to offer training on location or what remote offerings do you offer","0","","","","","0","","","","","","","","","","sally","seed_sally_id","2024-05-05 16:30","2026-10-05 18:00","1","1","0","","","","","","","",""
"Lorenzo","Helmuth","47889352-0e22-472e-a602-7ba17f5bd677","","IT Developer","","J.K.M. Corp (HA)","","www.supportsection.net","kid.kid@example.tv","","(456) 507-2495","(548) 366-1898","(569) 047-8958","","","25 King Street","Santa Monica","","42957","USA","","","","","","In Process","","Public Relations","","Please let me know more about what services you offer","0","","","","","0","","","","","","","","","","sally","seed_sally_id","2024-02-27 12:30","2026-10-05 18:00","1","1","0","","","","","","","",""
"Curtis","Rubino","4822e002-6697-4b7f-a0fc-882a1607a57f","","Director Sales","","Super Star Holdings Inc","","www.infoqa.de","dev41@example.us","","(215) 386-2380","(050) 383-9440","(187) 694-6670","","","78 Suite Street.","Los Angeles","","31137","USA","","","","","","In Process","","Trade Show","","Please let me know what shipping offers are available for your products","0","","","","","0","","","","","","","","","","sarah","seed_sarah_id","2023-05-01 16:00","2026-10-05 18:00","1","1","0","","","","","","","",""
"Philip","Coomer","4944baeb-8728-4cdf-9fd5-5c61037b2d31","","Director Sales","","S Cane Sweeteners Ltd","","www.sectionsection.net","sugar.qa@example.us","","(321) 469-7547","(687) 939-4545","(729) 132-7102","","","777 West Filmore Ln","San Mateo","","37805","USA","","","","","","New","","","","Are there any options other than most available on your website?","0","","","","","0","","","","","","","","","","sally","seed_sally_id","2025-01-10 15:00","2026-10-05 18:00","1","1","0","","","","","","","",""
"Esteban","Hutto","495b27a9-7826-4c9c-b090-c2ab8503f4a8","","VP Sales","","Income Free Investing LP","","www.supportsection.org","beans20@example.name","","(925) 592-0338","(743) 437-9025","(355) 022-9653","","","67321 West Siam St.","Sunnyvale","","31967","USA","","","","","","New","","Word of mouth","","Hi, I would like to understand what support offerings you offer","0","","","","","0","","","","","","","","","","sally","seed_sally_id","2021-12-05 12:00","2026-10-05 18:00","1","1","0","","","","","","","",""
"Kelvin","Gourley","4ae42c5a-bb84-45a3-b5bd-c29b462eb272","","Senior Product Manager","","DD Furniture Inc","","www.vegansales.us","phone41@example.tw","","(086) 101-0328","(092) 363-4342","(592) 380-6824","","","9 IBM Path","San Francisco","","19820","USA","","","","","","Dead","","Employee","","Prospective client looking to learn more about service offerings","0","","","","","0","","","","","","","","","","max","seed_max_id","2024-05-24 17:00","2026-10-05 18:00","1","1","0","","","","","","","",""
"Gordon","Benavidez","4b708acf-03c0-49c0-82b7-c4cf584836c7","","VP Sales","","Coolview Net Ltd","","www.imbeans.info","vegan.beans@example.tv","","(590) 694-4004","(103) 411-2780","(330) 911-8520","","","32 University Ave.","Atlanta","","70060","USA","","","","","","Dead","","Conference","","Please arrange an introduction with 1 of your sales agents as soon as possible","0","","","","","0","","","","","","","","","","sally","seed_sally_id","2024-02-21 16:30","2026-10-05 18:00","1","1","0","","","","","","","",""
"Shayne","Bopp","4daa9e83-fb0a-45e3-9544-33b7f6906c5b","","IT Developer","","24/7 Couriers","","www.veganthe.biz","dev68@example.edu","","(568) 380-4095","(254) 872-7720","(847) 910-7027","","","111 Vista Road","Atlanta","","57769","USA","","","","","","In Process","","Campaign","","Please arrange an introduction with 1 of your sales agents as soon as possible","0","","","","","0","","","","","","","","","","sarah","seed_sarah_id","2022-05-18 19:15","2026-10-05 18:00","1","1","0","","","","","","","",""
"Caitlin","Mccreary","539fdcae-b7a3-4637-89e9-1011a7a4ea05","","Mgr Operations","","Hammer Group Inc","","www.qadev.cn","support.sugar@example.de","","(596) 560-3627","(649) 366-4931","(502) 421-8195","","","74 South Cemetery Ave","Hartford","NY","53850","USA","","","","","","Converted","","Self Generated","","I saw on your website that you offered products we are very interested in, please get me a call to discuss our options.","1","","","","","0","","","","","","","","8d5c4cad-2766-44bf-9e5f-27ea87f33ce0","","chris","seed_chris_id","2023-11-23 19:45","2026-10-05 18:00","1","1","0","","","","","","","",""
"Fausto","Brashears","544bb4e6-ec33-449a-aeab-39d2af76f819","","Director Sales","","AB Drivers Limited","","www.thesupport.info","phone.sales.dev@example.de","","(515) 691-4572","(937) 234-7624","(336) 558-4519","","","111 Vista Road","San Mateo","","79398","USA","","","","","","Assigned","","Other","","Prospective client looking to learn more about service offerings","0","","","","","0","","","","","","","","","","will","seed_will_id","2022-02-09 09:30","2026-10-05 18:00","1","1","0","","","","","","","",""
"Felipe","Crystal","55b87dd4-52ed-443a-bab6-fa4f7a59b743","","Mgr Operations","","Kringle Bell IncK.A. Tower & Co","","www.salessection.cn","support58@example.tv","","(868) 310-3867","(261) 552-8343","(900) 296-5072","","","999 Baker Way","Los Angeles","","18247","USA","","","","","","New","","Employee","","I was wondering if it may be possible to arrange an initial call to discuss our future plans and how your products may support us in that venture","0","","","","","0","","","","","","","","","","sarah","seed_sarah_id","2025-08-06 19:15","2026-10-05 18:00","1","1","0","","","","","","","",""
"Jamal","Bridgeman","560c5d4b-988c-43e2-8626-b80c9d0860a2","","VP Sales","","Coolview Net Ltd","","www.phoneinfo.org","support.kid@example.tv","","(177) 241-9928","(552) 447-3333","(998) 508-6635","","","111 Vista Road","San Francisco","NY","29696","USA","","","","","","Converted","","Other","","I am interested in using your products and services for our small business. Please contact me to discuss our options.","1","","","","","0","","","","","","","","11edea9a-098d-48c9-8368-c39bd1cf1bad","","chris","seed_chris_id","2022-06-08 11:30","2026-10-05 18:00","1","1","0","","","","","","","",""
"Michale","Atkins","569c9d41-881e-43bd-8667-d3991e603535","","Director Sales","","AtoZ Co Ltd","","www.qasupport.com","kid.im@example.co.uk","","(982) 877-6417","(248) 537-5988","(862) 615-8207","","","74 South Cemetery Ave","St. Petersburg","","51668","USA","","","","","","In Process","","Web Site","","Hi, I would like to understand what support offerings you offer","0","","","","","0","","","","","","","","","","will","seed_will_id","2022-05-04 08:00","2026-10-05 18:00","1","1","0","","","","","","","",""
"Phyllis","Ransome","56abf560-ee45-4eb0-9870-71f6f5e0a7f4","","VP Operations","","EEE Endowments LTD","","www.kidim.de","section.the.info@example.us","","(449) 619-9800","(415) 080-2895","(811) 216-0864","","","5 Main Street","San Mateo","","42182","USA","","","","","","Recycled","","","","Interested to learn more about your products","0","","","","","0","","","","","","","","","","sarah","seed_sarah_id","2024-12-11 15:45","2026-10-05 18:00","1","1","0","","","","","","","",""
"Bethany","Barbour","56b5d26f-476b-4c92-bd5e-68f4f330ddf5","","Director Sales","","Arts & Crafts Inc","","www.sectionkid.biz","vegan.kid.vegan@example.de","","(783) 395-5799","(198) 939-9127","(179) 203-1975","","","48920 San Carlos Ave","Austin","","35603","USA","","","","","","In Process","","Existing Customer","","Please let me know what shipping offers are available for your products","0","","","","","0","","","","","","","","","","chris","seed_chris_id","2024-02-29 19:00","2026-10-05 18:00","1","1","0","","","","","","","",""
"Staci","Howe","59200d43-04b8-4c72-9786-7ef520774bc6","","Senior Product Manager","","Union Bank","","www.sugarsupport.co.jp","qa.sales@example.de","","(944) 047-7646","(361) 061-4535","(734) 838-0047","","","555 Maple Street.","Denver","","75251","USA","","","","","","New","","Campaign","","Please let me know more about what services you offer","0","","","","","0","","","","","","","","","","sally","seed_sally_id","2025-10-26 19:30","2026-10-05 18:00","1","1","0","","","","","","","",""
"Gary","Saine","5da2f9f5-201a-43c7-a563-2047f8ac7217","","Director Sales","","Rubble Group Inc","","www.salesvegan.tv","vegan.support@example.biz","","(507) 387-7834","(408) 330-3375","(695) 835-2502","","","23 Greenwood Ln","Kansas City","CA","11672","USA","","","","","","Converted","","Self Generated","","Prospective client looking to learn more about service offerings","1","","","","","0","","","","","","","","c6cd86bd-2774-4f64-9b9f-a8f5a8fa085e","","max","seed_max_id","2022-06-05 15:45","2026-10-05 18:00","1","1","0","","","","","","","",""
"Carmela","Montijo","5e06a376-469b-4628-a23d-1ae346c95432","","IT Developer","","Coolview Net Ltd","","www.salessection.de","vegan90@example.edu","","(202) 630-9516","(273) 459-9569","(631) 022-1311","","","74 South Cemetery Ave","Santa Monica","","71032","USA","","","","","","New","","Cold Call","","Hi, I would like to understand what support offerings you offer","0","","","","","0","","","","","","","","","","will","seed_will_id","2021-12-17 09:45","2026-10-05 18:00","1","1","0","","","","","","","",""
"Cliff","Crittendon","5e85d8a4-93f5-4dcf-b791-3a6e5446a91c","","IT Developer","","24/7 Couriers","","www.sugarsection.co.uk","beans.the@example.net","","(245) 231-2045","(049) 925-3469","(034) 124-0123","","","4275 Elm Dr","San Jose","CA","68729","USA","","","","","","Converted","","Direct Mail","","We would be interested to get a demo of your product to see if it is suitable for our business.","1","","","","","0","","","","","","","","2ecc779d-9d49-4d5f-bd78-8339001945d3","","sarah","seed_sarah_id","2022-11-20 13:45","2026-10-05 18:00","1","1","0","","","","","","","",""
"Harold","Wotring","5e98c900-b1b3-4be5-8456-0f5a648fe323","","IT Developer","","Bay Funding Co","","www.infosales.us","the.the@example.info","","(850) 909-7186","(061) 016-2401","(181) 985-8939","","","111 Silicon Valley Road","Sacramento","","80527","USA","","","","","","Recycled","","Trade Show","","Interested to learn more about your products","0","","","","","0","","","","","","","","","","max","seed_max_id","2025-07-31 15:00","2026-10-05 18:00","1","1","0","","","","","","","",""
"Alphonse","Tracy","635012e8-2ec8-4c2d-b737-220f83373cf3","","President","","Southern Realty","","www.qaim.biz","info92@example.de","","(558) 301-4244","(324) 270-5116","(257) 270-4490","","","777 West Filmore Ln","Sunnyvale","","93079","USA","","","","","","Recycled","","Partner","","Would you be able to offer training on location or what remote offerings do you offer","0","","","","","0","","","","","","","","","","max","seed_max_id","2024-04-22 09:45","2026-10-05 18:00","1","1","0","","","","","","","",""
"Grant","Olinger","6358dc40-a70d-4ba7-9cdd-c81abdc92294","","VP Sales","","Gifted Holdings AG","","www.sectionhr.info","sales19@example.tv","","(200) 965-7303","(337) 977-1647","(486) 865-1969","","","32 University Ave.","Ohio","","96018","USA","","","","","","New","","Cold Call","","I would like to request the prices of your products","0","","","","","0","","","","","","","","","","sally","seed_sally_id","2023-01-26 17:00","2026-10-05 18:00","1","1","0","","","","","","","",""
"Rueben","Dorrance","6383fa93-dc87-42b2-b6a5-a0fa290cbc42","","Senior Product Manager","","Kaos Trading Ltd","","www.devsugar.tw","beans13@example.it","","(159) 995-0451","(066) 326-7728","(781) 729-2483","","","789 River Way","Santa Fe","CA","61672","USA","","","","","","Converted","","Partner","","Hi, I would like to understand what support offerings you offer","1","","","","","0","","","","","","","","d9d73a39-be6a-4537-8423-820489070257","","max","seed_max_id","2023-08-05 13:00","2026-10-05 18:00","1","1","0","","","","","","","",""
"Hector","Wiest","6428ea93-6748-413f-a411-cdac550def24","","VP Operations","","White Cross Co","","www.kidqa.biz","dev.sugar@example.info","","(274) 923-1154","(290) 138-4011","(601) 440-9162","","","555 Maple Street.","Denver","","48352","USA","","","","","","In Process","","Email","","I am interested in using your products and services for our small business. Please contact me to discuss our options.","0","","","","","0","","","","","","","","","","sally","seed_sally_id","2024-03-11 06:45","2026-10-05 18:00","1","1","0","","","","","","","",""
"Wendi","Copley","64eb2826-2870-4fc7-ac3a-ebb5826846a9","","IT Developer","","Grow-Fast Inc","","www.devsection.biz","info78@example.tv","","(072) 013-8478","(616) 430-7514","(825) 236-8175","","","5 Main Street","Hartford","","22427","USA","","","","","","In Process","","Trade Show","","Please let me know what shipping offers are available for your products","0","","","","","0","","","","","","","","","","sarah","seed_sarah_id","2021-12-03 19:30","2026-10-05 18:00","1","1","0","","","","","","","",""
"Brice","Raine","65ba399a-f8ab-460f-b65f-a4c858ca1460","","VP Sales","","J.K.M. Corp (HA)","","www.sectionthe.name","kid.the@example.net","","(065) 796-5318","(731) 093-5154","(216) 111-2493","","","74 South Cemetery Ave","Dover","","47846","USA","","","","","","New","","Employee","","Are there any options other than most available on your website?","0","","","","","0","","","","","","","","","","max","seed_max_id","2025-01-21 19:15","2026-10-05 18:00","1","1","0","","","","","","","",""
"Shanna","Cash","663e1c28-c53c-4d6f-a2c3-fc431547349d","","VP Sales","","Jungle Systems Inc","","www.sugarphone.co.jp","sales51@example.org","","(718) 921-6016","(322) 533-7657","(547) 929-8716","","","4275 Elm Dr","Los Angeles","NY","44253","USA","","","","","","Converted","","Word of mouth","","Please let me know what shipping offers are available for your products","1","","","","","0","","","","","","","","af40cdd7-8775-46bf-a7f2-ef57cc234e0a","","chris","seed_chris_id","2024-12-24 17:00","2026-10-05 18:00","1","1","0","","","","","","","",""
"Joanne","Warnock","6a31e9c7-d02f-4a76-bbcf-80124154ba62","","IT Developer","","24/7 Couriers","","www.qaphone.co.uk","qa.section@example.de","","(490) 267-6096","(188) 824-8636","(110) 448-0808","","","78 Suite Street.","Phoenix","","89423","USA","","","","","","In Process","","","","We would be interested to get a demo of your product to see if it is suitable for our business.","0","","","","","0","","","","","","","","","","max","seed_max_id","2024-03-20 07:45","2026-10-05 18:00","1","1","0","","","","","","","",""
"Nolan","Reynolds","6cc1cddd-aaeb-4c0e-960a-0dfcdfd0d5c7","","Director Operations","","Tri-State Medical Corp","","www.beanssugar.us","im97@example.tw","","(663) 749-4000","(268) 649-6734","(380) 830-6024","","","1715 Scott Dr","Salt Lake City","","74636","USA","","","","","","Recycled","","Email","","Would you be able to offer training on location or what remote offerings do you offer","0","","","","","0","","","","","","","","","","max","seed_max_id","2024-06-26 15:45","2026-10-05 18:00","1","1","0","","","","","","","",""
"","Jeni","6ea065fa-5525-4d50-8d06-b41c649b2375","","","","","","","","","","","","","","","","","","","","","","","","New","","","","","0","","","","","0","","","","","","","","","","will","seed_will_id","2026-10-05 18:08","2026-10-05 18:08","seed_will_id","seed_will_id","0","","","","","0.00000000","0.00000000","",""
"Samuel","Salyer","6fb41d91-62cd-4e32-9a61-ff289f59dbdf","","IT Developer","","Pullman Cart Company","","www.imkid.edu","sugar.vegan@example.net","","(460) 446-5017","(872) 974-3986","(586) 386-2898","","","78 Suite Street.","Santa Fe","","74002","USA","","","","","","Recycled","","Partner","","I would like to request the prices of your products","0","","","","","0","","","","","","","","","","sarah","seed_sarah_id","2023-12-28 14:15","2026-10-05 18:00","1","1","0","","","","","","","",""
"Rudy","Mcclinton","704dde0d-db3e-48c9-8fa2-b22811e1f549","","Director Sales","","Grow-Fast Inc","","www.devvegan.us","beans.hr.vegan@example.name","","(095) 887-0791","(179) 860-7724","(778) 745-5541","","","555 Maple Street.","Austin","","27587","USA","","","","","","New","","Web Site","","","0","","","","","0","","","","","","","","","","chris","seed_chris_id","2023-11-17 16:45","2026-10-05 18:00","1","1","0","","","","","","","",""
"Barbra","Fragoso","70e89d0e-865f-4cd5-9bde-084a259df896","","IT Developer","","AtoZ Co Ltd","","www.infohr.name","vegan.vegan@example.tw","","(203) 494-3780","(727) 149-9633","(992) 101-1310","","","111 Silicon Valley Road","Phoenix","","90901","USA","","","","","","New","","Trade Show","","","0","","","","","0","","","","","","","","","","will","seed_will_id","2026-05-28 09:30","2026-10-05 18:00","1","1","0","","","","","","","",""
"Dana","Zackery","718de2cb-c5ac-4436-9d67-c77d8b2fcd67","","VP Operations","","Sea Region Inc","","www.supportbeans.cn","sales.kid@example.co.uk","","(526) 980-3443","(941) 836-0813","(323) 536-1723","","","74 South Cemetery Ave","Atlanta","","39294","USA","","","","","","Dead","","Trade Show","","Please let me know more about what services you offer","0","","","","","0","","","","","","","","","","sarah","seed_sarah_id","2023-01-05 07:45","2026-10-05 18:00","1","1","0","","","","","","","",""
"Dong","Kress","727782cd-620a-44bf-a1ff-ded974db7738","","Mgr Operations","","Underwater Mining Inc.","","www.kidqa.name","sales.vegan@example.edu","","(062) 186-5530","(439) 649-7899","(566) 922-6340","","","67321 West Siam St.","Alabama","","53695","USA","","","","","","Recycled","","Public Relations","","I saw on your website that you offered products we are very interested in, please get me a call to discuss our options.","0","","","","","0","","","","","","","","","","max","seed_max_id","2022-08-09 11:45","2026-10-05 18:00","1","1","0","","","","","","","",""
"Elvia","Lavine","72e46c78-512b-45d7-b4e0-bcdb685e74ec","","VP Operations","","Avery Software Co","","www.infobeans.net","dev.qa@example.tw","","(908) 860-6157","(551) 220-6208","(606) 118-7037","","","10 Southwold Path","San Mateo","","59068","USA","","","","","","Dead","","","","I am using an alternative product and would like to know how easy it would be to migrate to to your product","0","","","","","0","","","","","","","","","","sarah","seed_sarah_id","2024-09-18 14:00","2026-10-05 18:00","1","1","0","","","","","","","",""
"Eliseo","Brassfield","74855317-4128-4f2d-b673-e6653c7e5c1a","","Senior Product Manager","","Underwater Mining Inc.","","www.kidsugar.us","beans.support.kid@example.biz","","(282) 350-4001","(544) 627-1394","(241) 872-2716","","","67321 West Siam St.","Austin","","49765","USA","","","","","","Recycled","","Conference","","Please send us a quote for your products and services","0","","","","","0","","","","","","","","","","will","seed_will_id","2024-06-09 13:45","2026-10-05 18:00","1","1","0","","","","","","","",""
"Paula","Bevers","754cb168-d453-4888-9df8-b1cd46ab150c","","VP Operations","","Q.R.&E. Corp","","www.beanssection.info","im92@example.org","","(639) 321-4278","(708) 914-9946","(568) 918-4018","","","555 Maple Street.","Hartford","","62321","USA","","","","","","Assigned","","Word of mouth","","We would be interested to get a demo of your product to see if it is suitable for our business.","0","","","","","0","","","","","","","","","","sarah","seed_sarah_id","2026-05-16 18:15","2026-10-05 18:00","1","1","0","","","","","","","",""
"Sal","Tucker","76438fbe-5ddd-4189-be9e-ca3530d29316","","IT Developer","","Constrata Trust LLC","","www.imbeans.com","hr.vegan@example.biz","","(794) 493-2620","(997) 752-5948","(416) 745-5951","","","32 University Ave.","San Mateo","NY","27410","USA","","","","","","Converted","","Other","","Hi, I would like to understand what support offerings you offer","1","","","","","0","","","","","","","","45e5e28f-468c-487a-87d1-8592e5e9d6fb","","will","seed_will_id","2022-12-24 08:15","2026-10-05 18:00","1","1","0","","","","","","","",""
"Heriberto","Olive","787d190d-3744-4596-880c-143f06e8ca73","","Mgr Operations","","Start Over Trust","","www.hrbeans.tw","support.kid@example.biz","","(548) 629-2991","(960) 299-1419","(539) 947-8337","","","4275 Elm Dr","Santa Fe","","98307","USA","","","","","","Recycled","","Web Site","","Prospective client looking to learn more about product offerings","0","","","","","0","","","","","","","","","","chris","seed_chris_id","2025-12-20 19:45","2026-10-05 18:00","1","1","0","","","","","","","",""
"Dion","Burriss","7dc65a3e-14ff-42a4-ab7d-c35ba908324e","","Director Operations","","RRR Advertising Inc.","","www.saleskid.org","sales64@example.de","","(408) 314-3509","(405) 734-8850","(525) 675-7605","","","74 South Cemetery Ave","Phoenix","","29526","USA","","","","","","Dead","","Existing Customer","","I am using an alternative product and would like to know how easy it would be to migrate to to your product","0","","","","","0","","","","","","","","","","sally","seed_sally_id","2023-01-13 12:45","2026-10-05 18:00","1","1","0","","","","","","","",""
"Marvin","Borchardt","7f2fcc2b-32e5-450a-b075-e9546a2b3921","","IT Developer","","Kings Royalty Trust","","www.qakid.de","dev.im@example.de","","(832) 332-3089","(816) 579-5023","(834) 481-9613","","","23 Greenwood Ln","Sunnyvale","NY","70188","USA","","","","","","Converted","","Public Relations","","Prospective client looking to learn more about product offerings","1","","","","","0","","","","","","","","27b9043a-0e4c-48c3-914b-53dcaa9f8281","","will","seed_will_id","2021-12-12 11:00","2026-10-05 18:00","1","1","0","","","","","","","",""
"Gabriel","Heim","7fefd8ee-2310-4ad1-ae87-b8c74fe56b05","","Director Operations","","Powell Funding","","www.supportkid.de","hr.beans.kid@example.biz","","(882) 342-8687","(324) 902-2107","(685) 701-4163","","","65478 Canyon Road","Hartford","","83869","USA","","","","","","In Process","","Direct Mail","","Please let me know more about what services you offer","0","","","","","0","","","","","","","","","","will","seed_will_id","2025-06-16 07:00","2026-10-05 18:00","1","1","0","","","","","","","",""
"Edmundo","Flury","80099a3e-c3f8-4687-a158-68ebec7a3f20","","VP Operations","","Union Bank","","www.hrsection.de","dev92@example.us","","(494) 376-5616","(174) 613-1611","(254) 956-4340","","","999 Baker Way","Ohio","","87356","USA","","","","","","Dead","","Existing Customer","","Please let me know what shipping offers are available for your products","0","","","","","0","","","","","","","","","","chris","seed_chris_id","2025-04-03 16:15","2026-10-05 18:00","1","1","0","","","","","","","",""
"Elvin","Taube","803aca24-736a-4702-a187-57b94f239f87","","IT Developer","","Union Bank","","www.imthe.tw","phone.vegan@example.edu","","(329) 961-0341","(225) 492-6093","(008) 008-7817","","","67321 West Siam St.","St. Petersburg","","95646","USA","","","","","","Assigned","","Web Site","","Hi, I would like to understand what support offerings you offer","0","","","","","0","","","","","","","","","","sally","seed_sally_id","2023-10-22 19:15","2026-10-05 18:00","1","1","0","","","","","","","",""
"Araceli","Bynoe","827823f4-d48b-4a81-bd31-b1faf32f42f3","","VP Sales","","Hollywood Diner Ltd","","www.supportim.net","qa.sugar@example.net","","(296) 698-1627","(829) 894-8758","(017) 868-3614","","","32 University Ave.","Sunnyvale","CA","75051","USA","","","","","","Converted","","Email","","I saw on your website that you offered products we are very interested in, please get me a call to discuss our options.","1","","","","","0","","","","","","","","887d9e8d-3c0f-4fd4-8cb3-d367a3584266","","max","seed_max_id","2022-11-27 09:30","2026-10-05 18:00","1","1","0","","","","","","","",""
"Lisa","Reimer","83fea922-49ad-4df7-92a5-f6ee5ac20d5f","","VP Sales","","Aim Capital Inc","","www.infohr.it","sugar.kid.hr@example.name","","(305) 378-0301","(989) 248-3141","(922) 612-2203","","","789 River Way","Salt Lake City","CA","49336","USA","","","","","","Converted","","Other","","I was wondering if it may be possible to arrange an initial call to discuss our future plans and how your products may support us in that venture","1","","","","","0","","","","","","","","c4b2cde2-634a-4ec2-9192-870bd85c2225","","max","seed_max_id","2025-03-26 14:45","2026-10-05 18:00","1","1","0","","","","","","","",""
"Kaitlin","Prisco","89226de4-ed6c-4116-9acc-f968af7a1eaa","","President","","Davenport Investing","","www.kidsugar.tv","kid.section.phone@example.tw","","(193) 102-6679","(514) 791-7225","(950) 393-0875","","","111 Silicon Valley Road","Dover","","53934","USA","","","","","","Dead","","Direct Mail","","Would you be able to offer training on location or what remote offerings do you offer","0","","","","","0","","","","","","","","","","chris","seed_chris_id","2024-09-17 12:00","2026-10-05 18:00","1","1","0","","","","","","","",""
"Franklyn","Bedell","8a3e5978-119c-4deb-9d62-92fd05208ba7","","President","","Draft Diversified Energy Inc","","www.imsection.us","phone42@example.name","","(379) 785-5560","(860) 482-5368","(209) 477-2865","","","4275 Elm Dr","Austin","","84304","USA","","","","","","Recycled","","","","Prospective client looking to learn more about product offerings","0","","","","","0","","","","","","","","","","sally","seed_sally_id","2025-09-25 14:30","2026-10-05 18:00","1","1","0","","","","","","","",""
"Doug","Croley","8ac5e6e3-6043-4ab6-9993-df7152f4036b","","Mgr Operations","","First National S/B","","www.hrvegan.de","section.kid@example.co.jp","","(271) 421-5862","(063) 783-2223","(893) 954-2449","","","67321 West Siam St.","Los Angeles","","63488","USA","","","","","","Dead","","Existing Customer","","Please let me know more about what services you offer","0","","","","","0","","","","","","","","","","chris","seed_chris_id","2026-04-19 11:30","2026-10-05 18:00","1","1","0","","","","","","","",""
"Milan","Grissom","8b3bdb8d-9ff3-42b5-86df-cce0e3e243af","","IT Developer","","A.D. Importing Company Inc","","www.imthe.tw","sugar53@example.tv","","(421) 553-3630","(191) 769-2511","(399) 557-0771","","","111 Vista Road","Alabama","","35224","USA","","","","","","Assigned","","Cold Call","","Would you be able to offer training on location or what remote offerings do you offer","0","","","","","0","","","","","","","","","","sally","seed_sally_id","2025-12-19 14:45","2026-10-05 18:00","1","1","0","","","","","","","",""
"Arlen","Calaway","8c425341-c09e-4a0b-9803-b8bd0774bdb1","","VP Operations","","Overhead & Underfoot Ltd.","","www.imphone.tv","hr.kid.phone@example.tv","","(537) 169-1536","(392) 635-8728","(176) 643-1738","","","12 Long Ave","Alabama","","25905","USA","","","","","","Recycled","","Other","","Very interested in your product, can we arrange a discussion and demo","0","","","","","0","","","","","","","","","","sarah","seed_sarah_id","2025-08-05 19:45","2026-10-05 18:00","1","1","0","","","","","","","",""
"Saul","Hollister","8da348d9-6526-4cbb-aab5-3b29a53d3754","","Mgr Operations","","Smallville Resources Inc","","www.hrthe.co.jp","kid21@example.biz","","(308) 258-6015","(427) 392-6015","(938) 231-0296","","","74 South Cemetery Ave","Austin","","69653","USA","","","","","","Dead","","Cold Call","","I saw on your website that you offered products we are very interested in, please get me a call to discuss our options.","0","","","","","0","","","","","","","","","","will","seed_will_id","2024-10-04 13:45","2026-10-05 18:00","1","1","0","","","","","","","",""
"Isaac","Zerangue","8db42025-c2dc-4ca9-afea-355c4ee6c33d","","Mgr Operations","","Sunyvale Reporting Ltd","","www.kidthe.biz","hr.sugar.the@example.biz","","(876) 957-0786","(710) 799-9368","(336) 226-6996","","","4275 Elm Dr","Santa Fe","NY","71547","USA","","","","","","Converted","","Existing Customer","","What support services do you offer and how soon can we get started?","1","","","","","0","","","","","","","","2d101dd4-ac00-4d93-b70e-1296e74e4a3a","","chris","seed_chris_id","2022-08-16 12:15","2026-10-05 18:00","1","1","0","","","","","","","",""
"Buck","Barnhouse","8eb9b465-c79e-4708-86f3-5785231c5852","","President","","Cloud Cover Trust","","www.sugarbeans.biz","the.qa@example.tv","","(325) 353-1067","(780) 119-7817","(862) 194-0543","","","10 Southwold Path","San Jose","CA","51291","USA","","","","","","Converted","","Existing Customer","","I am using an alternative product and would like to know how easy it would be to migrate to to your product","1","","","","","0","","","","","","","","2a85b3e4-9dbd-4593-b89a-5b15caa52cf8","","sally","seed_sally_id","2023-11-03 13:45","2026-10-05 18:00","1","1","0","","","","","","","",""
"Zachery","Gilchrist","8fb6ba28-de9f-4cdd-bb12-a1ed11230850","","President","","DD Furniture Inc","","www.supportkid.tw","phone32@example.net","","(625) 603-1935","(113) 625-2742","(499) 693-9318","","","111 Vista Road","Kansas City","","81876","USA","","","","","","New","","Self Generated","","What support services do you offer and how soon can we get started?","0","","","","","0","","","","","","","","","","will","seed_will_id","2024-06-03 06:15","2026-10-05 18:00","1","1","0","","","","","","","",""
"Benny","Pharris","90d114ee-8808-4e25-b80b-0f6774228319","","VP Operations","","Constrata Trust LLC","","www.imthe.us","phone.dev@example.us","","(709) 225-7340","(248) 014-7407","(164) 452-0679","","","10 Southwold Path","St. Petersburg","","81511","USA","","","","","","In Process","","Web Site","","We would be interested to get a demo of your product to see if it is suitable for our business.","0","","","","","0","","","","","","","","","","sally","seed_sally_id","2023-12-25 11:15","2026-10-05 18:00","1","1","0","","","","","","","",""
"Odis","Curren","915ab806-6622-4fcb-8712-560f79ec3b7b","","Mgr Operations","","Tortoise Corp","","www.imhr.biz","sales.the.sugar@example.org","","(810) 261-4387","(828) 285-5671","(858) 641-3415","","","555 Maple Street.","Dover","","98436","USA","","","","","","New","","Campaign","","We would like to get some support to help with setting up your product, we are having some issues at the moment.","0","","","","","0","","","","","","","","","","sarah","seed_sarah_id","2026-04-17 07:30","2026-10-05 18:00","1","1","0","","","","","","","",""
"Reynaldo","Markey","91c7d328-5184-4e69-aabf-b5090e265a33","","VP Sales","","JBC Banking Inc","","www.phonesales.info","kid16@example.info","","(165) 126-8369","(116) 269-4210","(547) 897-4649","","","23 Greenwood Ln","Los Angeles","","56784","USA","","","","","","Recycled","","Other","","Prospective client looking to learn more about product offerings","0","","","","","0","","","","","","","","","","sarah","seed_sarah_id","2023-02-01 10:30","2026-10-05 18:00","1","1","0","","","","","","","",""
"Bridget","Hilton","940d980a-0213-43c3-9d18-175d76f961d9","","Mgr Operations","","Powell Funding","","www.phonekid.cn","section.qa.hr@example.org","","(813) 757-5418","(735) 505-7062","(685) 817-8761","","","23 Greenwood Ln","Sacramento","","48478","USA","","","","","","Dead","","Direct Mail","","I was wondering if it may be possible to arrange an initial call to discuss our future plans and how your products may support us in that venture","0","","","","","0","","","","","","","","","","max","seed_max_id","2024-09-22 16:30","2026-10-05 18:00","1","1","0","","","","","","","",""
"Nolan","Henderson","97297fc0-8fe4-4f8a-a882-6af3fd41894b","","Mgr Operations","","Insight Marketing Inc","","www.qahr.edu","qa20@example.edu","","(095) 636-1450","(983) 542-1198","(405) 607-2830","","","9 IBM Path","Ohio","","93181","USA","","","","","","Dead","","Word of mouth","","I would like to request the prices of your products","0","","","","","0","","","","","","","","","","max","seed_max_id","2024-08-04 18:30","2026-10-05 18:00","1","1","0","","","","","","","",""
"Marisol","Riel","985b17ca-024c-4f92-8d7e-1c74569b1483","","VP Sales","","Bay Funding Co","","www.vegandev.de","kid.hr@example.cn","","(940) 115-1940","(168) 299-4598","(661) 029-3967","","","23 Greenwood Ln","St. Petersburg","","47343","USA","","","","","","Dead","","Word of mouth","","Please let me know more about what services you offer","0","","","","","0","","","","","","","","","","sarah","seed_sarah_id","2025-03-23 16:00","2026-10-05 18:00","1","1","0","","","","","","","",""
"Berry","Rouse","9b95bd26-87e4-4754-8990-1598dfe40d3f","","President","","Southern Realty","","www.kidphone.co.uk","support.sales@example.tw","","(837) 772-3004","(975) 360-2412","(153) 091-0063","","","12 Long Ave","Atlanta","","49914","USA","","","","","","New","","Word of mouth","","I would like to request the prices of your products","0","","","","","0","","","","","","","","","","will","seed_will_id","2022-08-26 15:00","2026-10-05 18:00","1","1","0","","","","","","","",""
"Lamont","Thibeault","9c856e57-336b-42bf-aaf4-7ff89e0f25da","","Mgr Operations","","Spend Thrift Inc","","www.beansdev.de","kid21@example.cn","","(480) 063-8775","(917) 803-9735","(331) 405-9933","","","4275 Elm Dr","Los Angeles","","93431","USA","","","","","","New","","Word of mouth","","Very interested in your product, can we arrange a discussion and demo","0","","","","","0","","","","","","","","","","chris","seed_chris_id","2023-12-04 06:30","2026-10-05 18:00","1","1","0","","","","","","","",""
"Terrie","Whited","9d4e34c5-f7d6-4756-b474-5a5f67632f2f","","VP Operations","","Sunyvale Reporting Ltd","","www.qainfo.cn","sugar62@example.net","","(519) 926-0015","(626) 235-8673","(520) 486-1330","","","1715 Scott Dr","Santa Monica","","54785","USA","","","","","","Assigned","","Word of mouth","","Would you be able to offer training on location or what remote offerings do you offer","0","","","","","0","","","","","","","","","","sarah","seed_sarah_id","2024-04-22 16:30","2026-10-05 18:00","1","1","0","","","","","","","",""
"Jarrett","Tanaka","9e8bde63-7bb0-4fa8-9376-5b572af7c850","","Director Operations","","Complete Holding","","www.phonesupport.net","beans.beans.section@example.net","","(141) 373-2894","(823) 491-4875","(731) 774-1734","","","32 University Ave.","San Francisco","","64225","USA","","","","","","Assigned","","Self Generated","","I was wondering if it may be possible to arrange an initial call to discuss our future plans and how your products may support us in that venture","0","","","","","0","","","","","","","","","","max","seed_max_id","2025-08-17 06:15","2026-10-05 18:00","1","1","0","","","","","","","",""
"Dessie","Yount","9eab16b5-f522-431a-add0-a667223af70f","","IT Developer","","Complete Holding","","www.vegankid.co.jp","sales.info.support@example.co.jp","","(819) 193-8928","(112) 342-7536","(111) 929-5136","","","111 Silicon Valley Road","Frankfort","","10016","USA","","","","","","New","","Existing Customer","","Interested to learn more about your products","0","","","","","0","","","","","","","","","","sarah","seed_sarah_id","2024-03-18 13:00","2026-10-05 18:00","1","1","0","","","","","","","",""
"Anastasia","Maez","9fac1a84-e955-4434-8f87-b2ba786f1286","","Mgr Operations","","Overhead & Underfoot Ltd.","","www.hrbeans.com","sugar20@example.it","","(409) 927-2261","(170) 874-8473","(811) 654-4597","","","10 Southwold Path","San Mateo","","37216","USA","","","","","","New","","Conference","","Are there any options other than most available on your website?","0","","","","","0","","","","","","","","","","sarah","seed_sarah_id","2025-05-10 09:00","2026-10-05 18:00","1","1","0","","","","","","","",""
"Simon","Bittinger","a0cac1be-eab9-4136-95fa-c83d3a5a5a54","","Director Sales","","A.D. Importing Company Inc","","www.saleshr.info","phone.the@example.edu","","(529) 553-1680","(904) 583-8739","(348) 849-5063","","","25 King Street","San Mateo","CA","87878","USA","","","","","","Converted","","Public Relations","","Would you be able to offer training on location or what remote offerings do you offer","1","","","","","0","","","","","","","","391dae49-f5b3-4f26-b3d0-168a070500de","","sarah","seed_sarah_id","2022-06-16 15:45","2026-10-05 18:00","1","1","0","","","","","","","",""
"Judy","Grisham","a2acc311-afbe-4c4f-b438-5d72a3c50890","","Mgr Operations","","Mississippi Bank Group","","www.sectiondev.tw","beans85@example.edu","","(509) 537-4254","(867) 797-5946","(134) 058-8994","","","12 Long Ave","Sacramento","","24594","USA","","","","","","In Process","","Cold Call","","I was wondering if it may be possible to arrange an initial call to discuss our future plans and how your products may support us in that venture","0","","","","","0","","","","","","","","","","chris","seed_chris_id","2023-11-23 17:15","2026-10-05 18:00","1","1","0","","","","","","","",""
"Jamal","Moreira","a2ec742f-e213-40a5-b153-5d2ae82af11b","","VP Operations","","Super Star Holdings Inc","","www.devkid.tw","sales73@example.it","","(734) 866-6478","(067) 957-3835","(657) 750-4696","","","4275 Elm Dr","San Mateo","","85772","USA","","","","","","Assigned","","Campaign","","Very interested in your product, can we arrange a discussion and demo","0","","","","","0","","","","","","","","","","chris","seed_chris_id","2021-10-29 09:15","2026-10-05 18:00","1","1","0","","","","","","","",""
"Irwin","Beecham","a3005265-979c-480a-8035-f1ae933a091f","","Mgr Operations","","AtoZ Co Ltd","","www.sectionthe.it","qa32@example.us","","(777) 901-7005","(938) 468-6090","(687) 963-8388","","","10 Southwold Path","Denver","CA","45097","USA","","","","","","Converted","","Email","","We would like to get some support to help with setting up your product, we are having some issues at the moment.","1","","","","","0","","","","","","","","b698ca3d-bb6b-4782-a9ae-dfbc6182ec1c","","sarah","seed_sarah_id","2026-05-12 08:15","2026-10-05 18:00","1","1","0","","","","","","","",""
"Margery","Doney","a5c1e8b3-50f9-46ba-ab07-457e0712dfa7","","IT Developer","","Arts & Crafts Inc","","www.qavegan.it","hr45@example.edu","","(607) 018-0711","(260) 511-3008","(793) 466-2461","","","789 River Way","San Francisco","","90062","USA","","","","","","New","","Existing Customer","","I saw on your website that you offered products we are very interested in, please get me a call to discuss our options.","0","","","","","0","","","","","","","","","","sally","seed_sally_id","2024-03-10 17:45","2026-10-05 18:00","1","1","0","","","","","","","",""
"Mikel","Sweatman","a67f6da8-38b6-40ba-9719-f46885c37583","","VP Operations","","Green Tractor Group Limited","","www.devsugar.de","sales58@example.edu","","(681) 811-4394","(080) 168-6331","(462) 700-3653","","","111 Silicon Valley Road","Sunnyvale","","33762","USA","","","","","","New","","Cold Call","","Interested to learn more about your products","0","","","","","0","","","","","","","","","","sarah","seed_sarah_id","2025-02-06 17:45","2026-10-05 18:00","1","1","0","","","","","","","",""
"Karin","Lindemann","a7646da4-a5d7-4aaa-a551-13c726559cf5","","Director Operations","","S Cane Sweeteners Ltd","","www.phoneqa.edu","sales.sales.sugar@example.tw","","(090) 962-4642","(642) 141-7269","(402) 104-2876","","","32 University Ave.","San Mateo","","51377","USA","","","","","","In Process","","Partner","","We would like to know if you have a local agents in our area.","0","","","","","0","","","","","","","","","","max","seed_max_id","2026-08-25 17:30","2026-10-05 18:00","1","1","0","","","","","","","",""
"Burt","Avina","a83d1eaf-075f-4251-83da-cec374796926","","President","","Nimble Technologies Inc","","www.hrsection.org","section.section@example.tv","","(368) 954-4170","(105) 471-1611","(119) 554-7940","","","111 Vista Road","Hartford","","30683","USA","","","","","","New","","Existing Customer","","Interested to learn more about your products","0","","","","","0","","","","","","","","","","max","seed_max_id","2025-09-23 12:15","2026-10-05 18:00","1","1","0","","","","","","","",""
"Maynard","Wagnon","a8d44d4a-0116-4901-8aaf-743a41a96ce8","","Director Sales","","Spindle Broadcast Corp.","","www.infokid.co.jp","kid.sales@example.co.jp","","(532) 512-0599","(429) 839-6506","(100) 964-8299","","","1715 Scott Dr","Santa Monica","","81372","USA","","","","","","In Process","","Direct Mail","","I was wondering if it may be possible to arrange an initial call to discuss our future plans and how your products may support us in that venture","0","","","","","0","","","","","","","","","","sarah","seed_sarah_id","2022-07-05 14:00","2026-10-05 18:00","1","1","0","","","","","","","",""
"Francisca","Whitener","ac551d66-70d0-4d0c-98f0-6a01bf7e53c7","","Senior Product Manager","","Complete Holding","","www.salesthe.name","beans.vegan@example.co.jp","","(643) 437-3029","(591) 477-3084","(080) 346-1193","","","111 Silicon Valley Road","Frankfort","CA","31288","USA","","","","","","Converted","","Public Relations","","I saw on your website that you offered products we are very interested in, please get me a call to discuss our options.","1","","","","","0","","","","","","","","c2cb183e-467c-49e3-8241-201d61956d9b","","sally","seed_sally_id","2025-01-22 18:00","2026-10-05 18:00","1","1","0","","","","","","","",""
"Alec","Brooker","aceeccff-a9de-4879-9d09-57c5ede2bb27","","Senior Product Manager","","Powder Suppliers","","www.imqa.edu","phone.beans@example.com","","(844) 496-0513","(710) 022-8388","(306) 885-1113","","","111 Vista Road","Kansas City","","10310","USA","","","","","","Assigned","","Partner","","Are there any options other than most available on your website?","0","","","","","0","","","","","","","","","","will","seed_will_id","2024-03-18 12:00","2026-10-05 18:00","1","1","0","","","","","","","",""
"Marc","Lineberger","ae141fe9-d15a-4219-aac2-1d515aff3fa4","","Senior Product Manager","","XY&Z Funding Inc","","www.devphone.info","im.qa.phone@example.us","","(554) 312-2405","(711) 311-4145","(859) 143-3238","","","4275 Elm Dr","San Mateo","","18038","USA","","","","","","Recycled","","Conference","","Please send us a quote for your products and services","0","","","","","0","","","","","","","","","","sarah","seed_sarah_id","2026-06-04 19:15","2026-10-05 18:00","1","1","0","","","","","","","",""
"Elroy","Awad","b20f007f-e6b8-4486-9822-e96a5d398ba7","","Director Operations","","Sea Region Inc","","www.supportinfo.name","im.im.im@example.name","","(326) 554-6386","(707) 516-0894","(290) 578-9925","","","78 Suite Street.","Santa Fe","","71890","USA","","","","","","Dead","","Web Site","","Very interested in your product, can we arrange a discussion and demo","0","","","","","0","","","","","","","","","","max","seed_max_id","2022-02-20 19:00","2026-10-05 18:00","1","1","0","","","","","","","",""
"Cecile","Dinger","b36f0481-d433-49f1-92bc-8a9b41df3aa7","","IT Developer","","Kringle Bell IncK.A. Tower & Co","","www.phonekid.cn","sugar.the@example.edu","","(008) 502-1775","(965) 365-7735","(368) 684-2223","","","48920 San Carlos Ave","San Mateo","","68514","USA","","","","","","New","","Employee","","Please let me know more about what services you offer","0","","","","","0","","","","","","","","","","will","seed_will_id","2024-03-11 08:45","2026-10-05 18:00","1","1","0","","","","","","","",""
"Kurtis","Bent","b3a2673c-4369-4305-a0c3-cee2bbde3193","","Director Operations","","Sea Region Inc","","www.salessugar.com","hr.vegan@example.com","","(579) 171-4852","(804) 105-7392","(482) 665-3662","","","777 West Filmore Ln","Alabama","","52126","USA","","","","","","Assigned","","Word of mouth","","We would be interested to get a demo of your product to see if it is suitable for our business.","0","","","","","0","","","","","","","","","","max","seed_max_id","2024-05-14 09:30","2026-10-05 18:00","1","1","0","","","","","","","",""
"Bertram","Houghtaling","b610f8e3-d63d-4fce-9cfb-a7ca2d37c31c","","Mgr Operations","","XY&Z Funding Inc","","www.salesqa.co.uk","kid.section@example.net","","(946) 015-9387","(692) 328-6871","(367) 275-5543","","","65478 Canyon Road","Kansas City","","39030","USA","","","","","","Dead","","Public Relations","","Interested to learn more about your products","0","","","","","0","","","","","","","","","","will","seed_will_id","2024-12-27 10:00","2026-10-05 18:00","1","1","0","","","","","","","",""
"Pasquale","Ceasar","b7c9d781-d4d3-49e9-ba0d-351041b7e9e7","","VP Sales","","Avery Software Co","","www.infodev.us","section.section@example.org","","(859) 818-2708","(446) 583-3859","(510) 776-0610","","","999 Baker Way","Alabama","","73012","USA","","","","","","Recycled","","Direct Mail","","I am using an alternative product and would like to know how easy it would be to migrate to to your product","0","","","","","0","","","","","","","","","","sarah","seed_sarah_id","2024-11-06 14:00","2026-10-05 18:00","1","1","0","","","","","","","",""
"Allyson","Coyne","ba98ee6f-6501-4adb-8aa0-5e1a6772260c","","Mgr Operations","","Union Bank","","www.imdev.tw","sales29@example.info","","(491) 225-1273","(181) 545-0049","(526) 317-4586","","","74 South Cemetery Ave","San Francisco","","66068","USA","","","","","","Recycled","","Partner","","I am interested in using your products and services for our small business. Please contact me to discuss our options.","0","","","","","0","","","","","","","","","","sarah","seed_sarah_id","2022-02-01 08:30","2026-10-05 18:00","1","1","0","","","","","","","",""
"Debra","Mazur","bb49bd42-7d84-4079-8df4-9331f1ea1328","","VP Sales","","SuperG Tech","","www.veganvegan.de","section79@example.tw","","(061) 840-0792","(167) 624-8821","(504) 289-1309","","","10 Southwold Path","Kansas City","","38964","USA","","","","","","Recycled","","Direct Mail","","We would be interested to get a demo of your product to see if it is suitable for our business.","0","","","","","0","","","","","","","","","","will","seed_will_id","2024-12-21 15:30","2026-10-05 18:00","1","1","0","","","","","","","",""
"Lesa","Speicher","bcb04e08-09d4-429d-9f02-fb7a4c00800e","","VP Sales","","Arts & Crafts Inc","","www.beansqa.tw","hr.phone.qa@example.it","","(013) 394-2284","(923) 894-6573","(353) 816-6669","","","9 IBM Path","Kansas City","CA","30865","USA","","","","","","Converted","","Existing Customer","","I am interested in using your products and services for our small business. Please contact me to discuss our options.","1","","","","","0","","","","","","","","76076835-d1d1-425b-a58d-4656079b99ab","","sarah","seed_sarah_id","2022-06-06 18:45","2026-10-05 18:00","1","1","0","","","","","","","",""
"Raleigh","Favorite","bd4285a0-2736-48d1-b370-aea4d17748b1","","Senior Product Manager","","Avery Software Co","","www.theinfo.co.uk","vegan42@example.net","","(477) 902-8636","(720) 230-8973","(728) 348-3399","","","1715 Scott Dr","Austin","CA","44029","USA","","","","","","Converted","","Email","","Please arrange an introduction with 1 of your sales agents as soon as possible","1","","","","","0","","","","","","","","007b5d9e-cb21-45a7-aa90-7c2c3a6c6f9c","","max","seed_max_id","2024-10-17 15:15","2026-10-05 18:00","1","1","0","","","","","","","",""
"Stella","Vallery","be1307eb-48e0-453c-9ead-cbe8f1047082","","Director Sales","","Income Free Investing LP","","www.theinfo.co.jp","phone83@example.edu","","(033) 650-6627","(426) 654-8261","(160) 947-9242","","","67321 West Siam St.","Austin","","47796","USA","","","","","","Recycled","","Partner","","Prospective client looking to learn more about service offerings","0","","","","","0","","","","","","","","","","will","seed_will_id","2026-02-16 06:15","2026-10-05 18:00","1","1","0","","","","","","","",""
"Rosemary","Hughes","be6fe133-6556-4f8b-827a-e873d688f2e2","","Director Sales","","JBC Banking Inc","","www.phonebeans.it","phone95@example.us","","(381) 585-4085","(777) 173-0191","(565) 655-6820","","","23 Greenwood Ln","Santa Fe","","25045","USA","","","","","","New","","Existing Customer","","I am interested in using your products and services for our small business. Please contact me to discuss our options.","0","","","","","0","","","","","","","","","","sarah","seed_sarah_id","2022-03-23 08:15","2026-10-05 18:00","1","1","0","","","","","","","",""
"Cristopher","Sultan","beded905-56ce-4ac7-871d-a825da67bc45","","Director Operations","","Ink Conglomerate Inc","","www.kidphone.edu","sugar.vegan.qa@example.us","","(802) 064-3574","(060) 429-1935","(533) 435-4963","","","67321 West Siam St.","Austin","","19897","USA","","","","","","Recycled","","Existing Customer","","Please arrange an introduction with 1 of your sales agents as soon as possible","0","","","","","0","","","","","","","","","","chris","seed_chris_id","2024-11-04 06:45","2026-10-05 18:00","1","1","0","","","","","","","",""
"Kathrine","Nugent","bf020310-edb0-41c7-b0a8-33679afc4b37","","IT Developer","","T-Cat Media Group Inc","","www.kidhr.com","hr63@example.edu","","(617) 393-1226","(533) 117-3199","(962) 143-4246","","","789 River Way","Salt Lake City","","45830","USA","","","","","","Assigned","","Partner","","Would you be able to offer training on location or what remote offerings do you offer","0","","","","","0","","","","","","","","","","sarah","seed_sarah_id","2023-04-04 14:45","2026-10-05 18:00","1","1","0","","","","","","","",""
"Leo","Reichenbach","c07672ec-fa39-428c-99f9-e4d56ff76b19","","IT Developer","","Aim Capital Inc","","www.beansbeans.com","info.hr.the@example.it","","(166) 380-4039","(269) 312-9796","(313) 253-0648","","","12 Long Ave","Phoenix","","88916","USA","","","","","","New","","Self Generated","","Please let me know more about what services you offer","0","","","","","0","","","","","","","","","","sally","seed_sally_id","2023-11-13 11:45","2026-10-05 18:00","1","1","0","","","","","","","",""
"Kristofer","Tacker","c177c5fb-b5ab-43e7-9432-ecbde51036d3","","Director Sales","","Spend Thrift Inc","","www.imdev.co.jp","the27@example.de","","(461) 399-1160","(389) 467-0421","(709) 661-4968","","","777 West Filmore Ln","Salt Lake City","","94848","USA","","","","","","Dead","","Campaign","","Hi, I would like to understand what support offerings you offer","0","","","","","0","","","","","","","","","","will","seed_will_id","2021-11-29 10:00","2026-10-05 18:00","1","1","0","","","","","","","",""
"Milo","Depasquale","c1bbd028-78ca-4f72-9978-c06855bedd6f","","VP Sales","","Hammer Group Inc","","www.beanssugar.edu","kid.hr.kid@example.com","","(563) 456-7878","(059) 018-6507","(598) 521-7465","","","111 Vista Road","Dover","","68259","USA","","","","","","New","","Employee","","Would you be able to offer training on location or what remote offerings do you offer","0","","","","","0","","","","","","","","","","sally","seed_sally_id","2023-12-15 07:45","2026-10-05 18:00","1","1","0","","","","","","","",""
"Bridgett","Rister","c3e37131-e8f4-4d44-b8ac-3912fb187806","","President","","Pullman Cart Company","","www.infokid.tw","im.the@example.name","","(751) 004-1640","(872) 481-3541","(945) 173-0610","","","78 Suite Street.","Dover","","89801","USA","","","","","","In Process","","Campaign","","Please let me know what shipping offers are available for your products","0","","","","","0","","","","","","","","","","will","seed_will_id","2022-09-25 18:45","2026-10-05 18:00","1","1","0","","","","","","","",""
"Dorothea","Knorr","c5514d67-78bd-41e9-91fb-9760f16ade7d","","VP Operations","","T-Squared Techs","","www.imqa.com","dev.kid@example.cn","","(875) 339-9327","(781) 095-9265","(955) 667-6599","","","555 Maple Street.","Sunnyvale","","75644","USA","","","","","","Recycled","","Web Site","","We would like to know if you have a local agents in our area.","0","","","","","0","","","","","","","","","","sarah","seed_sarah_id","2025-07-16 08:30","2026-10-05 18:00","1","1","0","","","","","","","",""
"Darlene","Noack","c6cde3bd-73cc-4b22-ac39-3922786a9ac7","","VP Sales","","Green Tractor Group Limited","","www.phonesection.tw","qa.sales@example.tv","","(885) 577-1919","(671) 043-3201","(267) 931-9731","","","4275 Elm Dr","Atlanta","NY","56146","USA","","","","","","Converted","","Other","","","1","","","","","0","","","","","","","","890dc7fb-4b1d-408d-9c49-c03e84f6d34b","","chris","seed_chris_id","2026-01-27 12:00","2026-10-05 18:00","1","1","0","","","","","","","",""
"Quinton","Pisano","c716a321-1317-411d-8220-03da9cdd3490","","VP Operations","","NW Bridge Construction","","www.sugarkid.edu","beans.hr@example.info","","(585) 371-6138","(126) 358-4137","(535) 723-0212","","","9 IBM Path","Atlanta","","36234","USA","","","","","","Assigned","","Word of mouth","","Interested to learn more about your products","0","","","","","0","","","","","","","","","","sally","seed_sally_id","2021-12-12 15:30","2026-10-05 18:00","1","1","0","","","","","","","",""
"Hannah","Mcrae","c7242a58-d897-42f8-91b7-c539081ce2c7","","IT Developer","","Insight Marketing Inc","","www.supportkid.edu","support89@example.edu","","(581) 936-0915","(788) 451-6663","(879) 069-2608","","","5 Main Street","San Francisco","","41265","USA","","","","","","In Process","","Campaign","","We would like to get some support to help with setting up your product, we are having some issues at the moment.","0","","","","","0","","","","","","","","","","max","seed_max_id","2025-04-18 14:15","2026-10-05 18:00","1","1","0","","","","","","","",""
"Danielle","Houseman","ca269356-ba98-4758-b940-f19969edb1dd","","Director Sales","","Bay Funding Co","","www.supportsupport.co.jp","vegan.kid.sales@example.tv","","(556) 380-5178","(950) 451-2834","(467) 446-6790","","","65478 Canyon Road","Atlanta","NY","10608","USA","","","","","","Converted","","Word of mouth","","Hi, I would like to understand what support offerings you offer","1","","","","","0","","","","","","","","abeb3ffb-8885-470e-b665-87f5ab2746c5","","chris","seed_chris_id","2025-09-23 16:45","2026-10-05 18:00","1","1","0","","","","","","","",""
"Janet","Fife","cc056b14-5562-41c6-b73f-cc291d72bcd9","","Director Operations","","Air Safety Inc","","www.qavegan.com","sugar.kid.phone@example.co.jp","","(249) 809-7992","(969) 164-3182","(034) 344-7671","","","23 Greenwood Ln","Salt Lake City","","28092","USA","","","","","","In Process","","Employee","","Very interested in your product, can we arrange a discussion and demo","0","","","","","0","","","","","","","","","","sarah","seed_sarah_id","2025-12-09 14:00","2026-10-05 18:00","1","1","0","","","","","","","",""
"Wendy","Marshal","cc72b29d-daea-488c-8879-59a04071ffb7","","Mgr Operations","","Kaos Trading Ltd","","www.kidsales.us","beans.im@example.de","","(929) 368-7139","(699) 579-2788","(657) 934-1935","","","74 South Cemetery Ave","Atlanta","","66129","USA","","","","","","New","","Employee","","Please let me know what shipping offers are available for your products","0","","","","","0","","","","","","","","","","sally","seed_sally_id","2025-12-10 12:15","2026-10-05 18:00","1","1","0","","","","","","","",""
"Donovan","Frady","cd01a192-7bdd-4206-b152-2987d6468c04","","Senior Product Manager","","24/7 Couriers","","www.salessugar.biz","kid66@example.us","","(540) 226-7195","(511) 011-5194","(760) 814-9692","","","10 Southwold Path","Alabama","","84789","USA","","","","","","New","","Self Generated","","","0","","","","","0","","","","","","","","","","max","seed_max_id","2022-12-05 12:15","2026-10-05 18:00","1","1","0","","","","","","","",""
"Daron","Ulmer","cd3d8815-868d-4f0e-8b07-88925bda0400","","Senior Product Manager","","Riviera Hotels","","www.salesvegan.org","support.qa.kid@example.tw","","(636) 057-1107","(177) 002-9596","(680) 039-0274","","","111 Vista Road","Kansas City","","54971","USA","","","","","","New","","Employee","","We would be interested to get a demo of your product to see if it is suitable for our business.","0","","","","","0","","","","","","","","","","max","seed_max_id","2023-08-02 11:15","2026-10-05 18:00","1","1","0","","","","","","","",""
"Tobias","Stach","ce5d1496-b5dd-4feb-9023-4348298227e7","","VP Operations","","Max Holdings Ltd","","www.qaim.net","phone.beans@example.tw","","(057) 129-7847","(979) 867-0497","(212) 320-9085","","","777 West Filmore Ln","Frankfort","","41962","USA","","","","","","In Process","","Other","","I was wondering if it may be possible to arrange an initial call to discuss our future plans and how your products may support us in that venture","0","","","","","0","","","","","","","","","","sarah","seed_sarah_id","2025-10-04 09:30","2026-10-05 18:00","1","1","0","","","","","","","",""
"Chelsea","Huson","cf948294-cfc0-48df-9e65-bff5a24885eb","","Director Operations","","S Cane Sweeteners Ltd","","www.kidkid.biz","support.phone.beans@example.com","","(311) 171-2313","(507) 954-2293","(919) 461-4420","","","48920 San Carlos Ave","Ohio","","55809","USA","","","","","","Dead","","Web Site","","Very interested in your product, can we arrange a discussion and demo","0","","","","","0","","","","","","","","","","sally","seed_sally_id","2022-01-10 08:15","2026-10-05 18:00","1","1","0","","","","","","","",""
"Elnora","Storch","d077f41e-0365-4afc-9e8b-b5981b850e03","","IT Developer","","Avery Software Co","","www.supporthr.co.jp","kid.info@example.tv","","(493) 551-6936","(637) 902-1727","(866) 923-5283","","","777 West Filmore Ln","San Jose","","64524","USA","","","","","","New","","Public Relations","","Very interested in your product, can we arrange a discussion and demo","0","","","","","0","","","","","","","","","","chris","seed_chris_id","2021-11-13 10:30","2026-10-05 18:00","1","1","0","","","","","","","",""
"Steven","Spillman","d0ebd89d-1db9-4979-afa2-92c749d638d6","","Senior Product Manager","","Cloud Cover Trust","","www.devthe.us","im.sales@example.name","","(146) 327-4945","(503) 337-1076","(599) 132-5164","","","25 King Street","Austin","","89825","USA","","","","","","In Process","","Web Site","","","0","","","","","0","","","","","","","","","","max","seed_max_id","2022-08-14 08:00","2026-10-05 18:00","1","1","0","","","","","","","",""
"Harriet","Greear","d3ea495c-d88f-4a03-b63d-f41ff2fbc2d0","","President","","Air Safety Inc","","www.sugardev.net","dev86@example.org","","(376) 878-9866","(209) 808-1770","(009) 011-1175","","","48920 San Carlos Ave","Hartford","CA","72191","USA","","","","","","Converted","","Cold Call","","Very interested in your product, can we arrange a discussion and demo","1","","","","","0","","","","","","","","7d08a150-b01b-48ac-a2fa-500f68a7cf19","","sally","seed_sally_id","2022-03-10 17:15","2026-10-05 18:00","1","1","0","","","","","","","",""
"Larry","Giddens","d4daaad3-e7b9-4655-bfae-ceadb1e4c72a","","Senior Product Manager","","Union Bank","","www.thekid.de","the79@example.edu","","(636) 610-7507","(559) 689-2056","(522) 147-4571","","","12 Long Ave","Alabama","","78272","USA","","","","","","Recycled","","Web Site","","Very interested in your product, can we arrange a discussion and demo","0","","","","","0","","","","","","","","","","chris","seed_chris_id","2025-12-18 07:30","2026-10-05 18:00","1","1","0","","","","","","","",""
"Wilson","Medlin","d5201d7e-fe89-40b8-85bc-7985de001616","","IT Developer","","Ink Conglomerate Inc","","www.veganvegan.tv","hr.sales@example.cn","","(633) 320-8418","(431) 834-1137","(498) 731-2082","","","111 Vista Road","San Jose","CA","90651","USA","","","","","","Converted","","Direct Mail","","Hi, I would like to understand what support offerings you offer","1","","","","","0","","","","","","","","7391958f-cdaa-44f0-87f7-d7295cafc9f8","","sarah","seed_sarah_id","2024-08-27 11:15","2026-10-05 18:00","1","1","0","","","","","","","",""
"Brendon","Anderson","d55f2c8e-4659-41a7-8082-db0e091e5920","","VP Operations","","MMM Mortuary Corp","","www.kidvegan.it","the.support@example.edu","","(132) 000-4274","(769) 256-1178","(937) 630-3713","","","65478 Canyon Road","Santa Fe","","53251","USA","","","","","","In Process","","Employee","","Prospective client looking to learn more about product offerings","0","","","","","0","","","","","","","","","","will","seed_will_id","2025-10-31 18:15","2026-10-05 18:00","1","1","0","","","","","","","",""
"Antonio","Gulbranson","d65bb854-edd9-465b-ae6d-06305e2b0651","","Mgr Operations","","Pullman Cart Company","","www.hrkid.org","kid62@example.co.jp","","(655) 900-9959","(288) 199-5917","(323) 274-2087","","","67321 West Siam St.","St. Petersburg","","97983","USA","","","","","","Dead","","Conference","","Very interested in your product, can we arrange a discussion and demo","0","","","","","0","","","","","","","","","","chris","seed_chris_id","2025-09-02 16:30","2026-10-05 18:00","1","1","0","","","","","","","",""
"Harold","Pantano","d6ce6d71-b72a-4430-b7f4-90d4ebf2f339","","VP Sales","","X-Sell Holdings","","www.devphone.info","phone27@example.co.jp","","(639) 541-7136","(652) 031-5836","(378) 291-6940","","","67321 West Siam St.","Sunnyvale","","30123","USA","","","","","","Dead","","Existing Customer","","Are there any options other than most available on your website?","0","","","","","0","","","","","","","","","","max","seed_max_id","2025-05-24 07:00","2026-10-05 18:00","1","1","0","","","","","","","",""
"Dalton","Langevin","d91ef3bc-6edf-4d45-8782-02b5513e18a7","","Director Operations","","Aim Capital Inc","","www.devkid.tw","qa52@example.biz","","(020) 259-8498","(878) 776-5622","(331) 971-2118","","","789 River Way","San Mateo","","35201","USA","","","","","","Recycled","","Partner","","Are there any options other than most available on your website?","0","","","","","0","","","","","","","","","","sally","seed_sally_id","2025-06-01 14:30","2026-10-05 18:00","1","1","0","","","","","","","",""
"Seymour","Clover","d99f201e-12ae-42d2-9a4d-af16cb3801f0","","Director Operations","","JAB Funds Ltd.","","www.thethe.net","support.vegan@example.org","","(758) 865-8409","(222) 965-7029","(710) 606-6596","","","10 Southwold Path","Alabama","","81919","USA","","","","","","Dead","","Cold Call","","What support services do you offer and how soon can we get started?","0","","","","","0","","","","","","","","","","max","seed_max_id","2022-04-09 16:30","2026-10-05 18:00","1","1","0","","","","","","","",""
"Valerie","Will","da2e978c-22af-4cc1-aafc-a450ac36a25d","","VP Sales","","Davenport Investing","","www.qabeans.info","phone36@example.de","","(799) 091-5223","(616) 490-7311","(384) 687-1938","","","12 Long Ave","Frankfort","","15566","USA","","","","","","New","","Self Generated","","I am using an alternative product and would like to know how easy it would be to migrate to to your product","0","","","","","0","","","","","","","","","","chris","seed_chris_id","2022-05-28 11:45","2026-10-05 18:00","1","1","0","","","","","","","",""
"Jc","Cheatham","da2f4017-cea9-4b2c-847c-2888ab629946","","VP Sales","","AtoZ Co Ltd","","www.supportkid.tw","im67@example.us","","(313) 516-0794","(734) 243-1711","(515) 266-7256","","","4275 Elm Dr","Los Angeles","","37858","USA","","","","","","Dead","","Other","","We would like to know if you have a local agents in our area.","0","","","","","0","","","","","","","","","","sarah","seed_sarah_id","2026-04-28 06:30","2026-10-05 18:00","1","1","0","","","","","","","",""
"Jeanine","Walls","dc32db8f-3bb1-40f0-b72b-1fbadb536da4","","Director Sales","","EEE Endowments LTD","","www.supportkid.net","kid40@example.net","","(100) 866-2698","(669) 190-4419","(959) 099-0064","","","25 King Street","Denver","","60200","USA","","","","","","New","","Conference","","We would like to know if you have a local agents in our area.","0","","","","","0","","","","","","","","","","sally","seed_sally_id","2025-07-29 13:00","2026-10-05 18:00","1","1","0","","","","","","","",""
"Chet","Dyer","dc725e69-c510-4285-a183-6ecd11a43058","","Director Sales","","NW Bridge Construction","","www.beanssection.name","support.phone.beans@example.it","","(332) 282-2767","(077) 526-6920","(563) 701-5415","","","777 West Filmore Ln","Sunnyvale","","11329","USA","","","","","","Dead","","Existing Customer","","Interested to learn more about your products","0","","","","","0","","","","","","","","","","max","seed_max_id","2024-01-10 09:45","2026-10-05 18:00","1","1","0","","","","","","","",""
"Autumn","Debellis","dd4006c9-65b6-46c1-a003-acea5205bf6a","","Director Operations","","Bay Funding Co","","www.qavegan.us","im.sugar@example.info","","(582) 917-4203","(215) 417-7361","(316) 122-8628","","","9 IBM Path","Sunnyvale","","27356","USA","","","","","","Assigned","","Employee","","Please arrange an introduction with 1 of your sales agents as soon as possible","0","","","","","0","","","","","","","","","","sally","seed_sally_id","2023-02-25 16:30","2026-10-05 18:00","1","1","0","","","","","","","",""
"Benito","Perdomo","de8e54ad-965f-4711-a4ce-9ece6dfdae67","","Director Sales","","RRR Advertising Inc.","","www.imkid.net","support.info@example.edu","","(768) 424-7475","(012) 685-1357","(907) 320-9545","","","12 Long Ave","Atlanta","","44400","USA","","","","","","Recycled","","Other","","Are there any options other than most available on your website?","0","","","","","0","","","","","","","","","","chris","seed_chris_id","2024-04-12 06:00","2026-10-05 18:00","1","1","0","","","","","","","",""
"Jc","Hagans","e38fd324-4faa-4bac-ac02-9f052a577ff3","","Senior Product Manager","","MTM Investment Bank F S B","","www.infophone.de","vegan.phone@example.us","","(969) 740-8693","(825) 238-1497","(204) 078-3947","","","65478 Canyon Road","St. Petersburg","","28943","USA","","","","","","New","","Partner","","Prospective client looking to learn more about product offerings","0","","","","","0","","","","","","","","","","sarah","seed_sarah_id","2024-02-20 09:30","2026-10-05 18:00","1","1","0","","","","","","","",""
"Warner","Zuber","e3a61561-c34b-4012-98c5-2c4f24c10773","","Director Operations","","SuperG Tech","","www.beansthe.co.jp","the.support.im@example.net","","(573) 224-2131","(272) 388-4825","(942) 597-9009","","","78 Suite Street.","San Jose","","40490","USA","","","","","","Recycled","","Word of mouth","","I saw on your website that you offered products we are very interested in, please get me a call to discuss our options.","0","","","","","0","","","","","","","","","","sally","seed_sally_id","2022-06-07 10:30","2026-10-05 18:00","1","1","0","","","","","","","",""
"Jodie","Parise","e50feca9-ad65-4e5d-bea9-26164552c717","","VP Operations","","South Sea Plumbing Products","","www.infoqa.name","beans.dev.dev@example.cn","","(659) 565-2771","(086) 068-7324","(590) 076-2327","","","67321 West Siam St.","Sacramento","","30666","USA","","","","","","Assigned","","Existing Customer","","We would like to know if you have a local agents in our area.","0","","","","","0","","","","","","","","","","chris","seed_chris_id","2026-03-06 13:15","2026-10-05 18:00","1","1","0","","","","","","","",""
"Lashonda","Trantham","e514aca7-ed84-4a5b-ac22-1bcb584ad658","","VP Operations","","Chandler Logistics Inc","","www.kidhr.cn","dev53@example.tv","","(012) 635-5140","(793) 616-6806","(423) 367-8773","","","48920 San Carlos Ave","San Francisco","","37415","USA","","","","","","In Process","","Existing Customer","","I am using an alternative product and would like to know how easy it would be to migrate to to your product","0","","","","","0","","","","","","","","","","will","seed_will_id","2023-04-21 16:00","2026-10-05 18:00","1","1","0","","","","","","","",""
"Josue","Graham","e6b08279-6502-41da-91b1-7f4159e469fb","","President","","Anytime Air Support Inc","","www.hrim.co.uk","phone20@example.com","","(920) 568-1353","(306) 636-7515","(950) 251-5483","","","5 Main Street","Denver","","44089","USA","","","","","","Dead","","Cold Call","","What support services do you offer and how soon can we get started?","0","","","","","0","","","","","","","","","","max","seed_max_id","2026-07-27 17:45","2026-10-05 18:00","1","1","0","","","","","","","",""
"Mara","Poulsen","e9f36a18-efa1-40e5-ad59-34ad3b8d5dd0","","Director Sales","","X-Sell Holdings","","www.supportsugar.com","the77@example.de","","(476) 476-1569","(834) 659-9471","(045) 333-0356","","","555 Maple Street.","Atlanta","","20903","USA","","","","","","New","","Existing Customer","","","0","","","","","0","","","","","","","","","","sarah","seed_sarah_id","2023-05-16 19:15","2026-10-05 18:00","1","1","0","","","","","","","",""
"Cheryl","Vicknair","ee674f29-9dc0-45f0-992d-063761005066","","IT Developer","","Gifted Holdings AG","","www.imkid.cn","phone.the.im@example.biz","","(029) 456-4683","(891) 737-9824","(005) 983-5902","","","48920 San Carlos Ave","St. Petersburg","","83130","USA","","","","","","New","","Other","","We would like to get some support to help with setting up your product, we are having some issues at the moment.","0","","","","","0","","","","","","","","","","sally","seed_sally_id","2022-02-25 09:00","2026-10-05 18:00","1","1","0","","","","","","","",""
"Booker","Luciani","ee8c3d6e-b583-45e5-a3f6-fd2822d4ff57","","Director Sales","","5D Investments","","www.hrsupport.edu","kid.section.beans@example.it","","(384) 638-3622","(241) 612-7699","(968) 431-3103","","","9 IBM Path","Santa Fe","","17449","USA","","","","","","New","","Partner","","Prospective client looking to learn more about product offerings","0","","","","","0","","","","","","","","","","sarah","seed_sarah_id","2026-07-05 15:15","2026-10-05 18:00","1","1","0","","","","","","","",""
"Tim","Maness","ef13cb0a-9d5c-4323-92d2-aab76b9c8250","","President","","Jungle Systems Inc","","www.qainfo.tv","im.support.support@example.net","","(766) 648-5975","(235) 008-4297","(609) 653-8457","","","5 Main Street","Ohio","","90865","USA","","","","","","Assigned","","Public Relations","","","0","","","","","0","","","","","","","","","","will","seed_will_id","2026-05-04 19:45","2026-10-05 18:00","1","1","0","","","","","","","",""
"Jenifer","Nisbett","ef51eb9e-f1b7-4c22-8427-d691801096e0","","President","","International Art Inc","","www.devbeans.cn","vegan.vegan.vegan@example.de","","(647) 871-8267","(856) 880-9888","(046) 629-9855","","","5 Main Street","Salt Lake City","","19084","USA","","","","","","Assigned","","Email","","Please arrange an introduction with 1 of your sales agents as soon as possible","0","","","","","0","","","","","","","","","","chris","seed_chris_id","2025-12-02 10:30","2026-10-05 18:00","1","1","0","","","","","","","",""
"Rudolph","Kott","ef8b1781-9f9d-4593-be90-75638f809854","","Director Operations","","J.K.M. Corp (HA)","","www.devsugar.com","qa.beans.sales@example.tv","","(893) 337-2161","(942) 528-9634","(107) 051-6399","","","78 Suite Street.","Frankfort","CA","75169","USA","","","","","","Converted","","Partner","","Prospective client looking to learn more about product offerings","1","","","","","0","","","","","","","","edab6525-3394-4c6b-ab87-b475bdd0cef4","","sarah","seed_sarah_id","2021-12-11 11:00","2026-10-05 18:00","1","1","0","","","","","","","",""
"Claude","Blanding","efc5ebd3-6fdc-44ba-9274-2456b2ad781b","","Mgr Operations","","AB Drivers Limited","","www.imqa.org","im36@example.edu","","(414) 713-7230","(477) 185-9498","(689) 522-9044","","","111 Vista Road","Phoenix","","42045","USA","","","","","","Recycled","","Trade Show","","We would like to know if you have a local agents in our area.","0","","","","","0","","","","","","","","","","max","seed_max_id","2022-06-04 15:30","2026-10-05 18:00","1","1","0","","","","","","","",""
"Milford","Colombo","f22de7f0-b7d9-4a29-8028-a2fa757151fb","","Director Operations","","Cloud Cover Trust","","www.infokid.edu","sales.sugar@example.co.uk","","(160) 761-2174","(107) 803-4523","(438) 435-5025","","","111 Vista Road","Los Angeles","","24069","USA","","","","","","New","","Other","","We would like to know if you have a local agents in our area.","0","","","","","0","","","","","","","","","","will","seed_will_id","2024-02-29 16:15","2026-10-05 18:00","1","1","0","","","","","","","",""
"Edgardo","Dockery","f40acff4-c218-48a1-84ec-fcc53795cc12","","Senior Product Manager","","MTM Investment Bank F S B","","www.vegansupport.edu","im.kid@example.biz","","(989) 170-8941","(951) 409-5400","(901) 210-7020","","","1715 Scott Dr","San Jose","","81186","USA","","","","","","New","","Cold Call","","Interested to learn more about your products","0","","","","","0","","","","","","","","","","sarah","seed_sarah_id","2026-08-06 09:45","2026-10-05 18:00","1","1","0","","","","","","","",""
"Alexis","Marcial","f495f6f9-010d-4360-a642-8a7c348e1c67","","IT Developer","","Spend Thrift Inc","","www.qakid.us","qa.vegan@example.cn","","(581) 027-2018","(267) 605-2128","(077) 866-9789","","","1715 Scott Dr","Frankfort","","77093","USA","","","","","","Assigned","","Trade Show","","I saw on your website that you offered products we are very interested in, please get me a call to discuss our options.","0","","","","","0","","","","","","","","","","sarah","seed_sarah_id","2026-09-01 12:30","2026-10-05 18:00","1","1","0","","","","","","","",""
"Jess","Skidmore","f5199ff7-6e22-4594-ba46-d0840d6cae84","","President","","Gifted Holdings AG","","www.kidkid.name","hr.section@example.co.uk","","(723) 300-0698","(509) 910-7035","(953) 443-9875","","","65478 Canyon Road","Santa Monica","","25617","USA","","","","","","Dead","","Word of mouth","","What support services do you offer and how soon can we get started?","0","","","","","0","","","","","","","","","","will","seed_will_id","2025-12-16 16:00","2026-10-05 18:00","1","1","0","","","","","","","",""
"Giuseppe","Mcnish","f53046c3-6e33-45e7-ba12-7f5743193877","","IT Developer","","Tri-State Medical Corp","","www.sectionbeans.de","qa.qa.dev@example.tv","","(008) 819-6831","(671) 531-0967","(098) 380-3740","","","78 Suite Street.","Denver","","90548","USA","","","","","","Assigned","","Web Site","","Please send us a quote for your products and services","0","","","","","0","","","","","","","","","","will","seed_will_id","2024-05-10 06:15","2026-10-05 18:00","1","1","0","","","","","","","",""
"Clair","Wilbur","f56cffa2-f2fa-42cc-8fb2-13e5092f0317","","Mgr Operations","","B.H. Edwards Inc","","www.theinfo.de","kid.kid@example.de","","(403) 198-5265","(381) 052-1781","(497) 764-7846","","","10 Southwold Path","San Francisco","","72333","USA","","","","","","New","","Conference","","Please send us a quote for your products and services","0","","","","","0","","","","","","","","","","chris","seed_chris_id","2025-04-20 13:45","2026-10-05 18:00","1","1","0","","","","","","","",""
"Ian","Cogar","f6b8384f-5dc5-43fe-9517-5eb11254a6ce","","Mgr Operations","","Dirt Mining Ltd","","www.salessupport.us","section.sales.the@example.cn","","(951) 815-0722","(202) 867-2432","(627) 252-2905","","","4275 Elm Dr","Sacramento","","83618","USA","","","","","","Dead","","Conference","","We would like to get some support to help with setting up your product, we are having some issues at the moment.","0","","","","","0","","","","","","","","","","sarah","seed_sarah_id","2024-03-16 15:00","2026-10-05 18:00","1","1","0","","","","","","","",""
"Tony","Henkel","f9a4993b-a2a9-418d-bcef-28887a67e0ff","","Director Sales","","360 Vacations","","www.sugarkid.us","phone54@example.com","","(687) 908-4706","(820) 000-7532","(544) 635-2488","","","10 Southwold Path","Dover","","68157","USA","","","","","","Assigned","","Trade Show","","Prospective client looking to learn more about product offerings","0","","","","","0","","","","","","","","","","max","seed_max_id","2023-04-22 18:45","2026-10-05 18:00","1","1","0","","","","","","","",""
"Lenard","Stutz","fd50f445-224b-416e-a9c1-60d5b7270271","","Director Sales","","Slender Broadband Inc","","www.beansthe.tv","sugar.dev@example.de","","(702) 351-5852","(218) 022-7515","(767) 530-6345","","","1715 Scott Dr","Ohio","","38360","USA","","","","","","Recycled","","Email","","Please let me know more about what services you offer","0","","","","","0","","","","","","","","","","sally","seed_sally_id","2024-03-13 15:00","2026-10-05 18:00","1","1","0","","","","","","","",""
"Abe","Polley","ff572221-cef3-4b3b-843a-d584c21b3f51","","VP Sales","","360 Vacations","","www.kidsection.it","sales.beans@example.co.uk","","(964) 776-7579","(267) 121-0008","(791) 021-1183","","","48920 San Carlos Ave","Austin","","78975","USA","","","","","","Recycled","","Word of mouth","","I am interested in using your products and services for our small business. Please contact me to discuss our options.","0","","","","","0","","","","","","","","","","will","seed_will_id","2025-07-03 13:00","2026-10-05 18:00","1","1","0","","","","","","","",""
